almond_translate/311565/address/0	19 درخت پنبه در مرکز	.
almond_translate/311565/name/0	پارک هنگ کنگ	.
almond_translate/311565/location/0	منطقه مرکزی	.
almond_translate/311565/location/1	مرکزی	.
almond_translate/311565/location/2	جزیره هنگ کنگ	.
almond_translate/311565/type/0	طبیعت و پارکها	.
almond_translate/311566/address/0	خیابان ملکه مرکزی HSBC مرکزی پلازا	.
almond_translate/311566/name/0	ساختمان اصلی HSBC	.
almond_translate/311566/location/0	منطقه مرکزی	.
almond_translate/311566/location/1	مرکزی	.
almond_translate/311566/location/2	جزیره هنگ کنگ	.
almond_translate/311566/type/0	مناظر و چشم انداز	.
almond_translate/311567/address/0	۱۰ درخت پنبه در ورودی پارک ، مرکز	.
almond_translate/311567/name/0	موزه ی مخزن های چایی خانه ی فلاگ استاف	.
almond_translate/311567/location/0	منطقه مرکزی	.
almond_translate/311567/location/1	مرکزی	.
almond_translate/311567/location/2	جزیره هنگ کنگ	.
almond_translate/311567/type/0	موزه ها	.
almond_translate/311572/address/0	سرزمینهای جدید	.
almond_translate/311572/name/0	تای فو تای مانشن	.
almond_translate/311572/location/0	سرزمینهای نو	.
almond_translate/311572/location/1	یوین لانگ	.
almond_translate/311572/type/0	مناظر و چشم انداز	.
almond_translate/311573/address/0	شماره یک جاده لوگارد	.
almond_translate/311573/name/0	قله ویکتوریا (دره)	.
almond_translate/311573/location/0	قله	.
almond_translate/311573/location/1	منطقه مرکزی	.
almond_translate/311573/location/2	جزیره هنگ کنگ	.
almond_translate/311573/type/0	مناظر و چشم انداز	.
almond_translate/311603/address/0	شماره ۱۰ ، جاده ی سالیبری ، منطقه ی یا تیم مونگ ، کووان	.
almond_translate/311603/name/0	موزه هنرهای هنگ کنگ	.
almond_translate/311603/location/0	تیم شا تی	.
almond_translate/311603/location/1	کولوون	.
almond_translate/311603/location/2	منطقه ی یا سیم مونگ	.
almond_translate/311603/type/0	موزه ها	.
almond_translate/311604/address/0	100 خیابان چتهام ، تیم شا تی ای است ، کولوون	.
almond_translate/311604/name/0	موزه تاریخ شهر	.
almond_translate/311604/location/0	تیم شا تی	.
almond_translate/311604/location/1	کولوون	.
almond_translate/311604/location/2	منطقه ی یا سیم مونگ	.
almond_translate/311604/type/0	موزه ها	.
almond_translate/311605/address/0	شماره دو ، جاده موزه علوم ، چین شا تی ای ، کولوون	.
almond_translate/311605/name/0	موزه علوم هنگ کنگ	.
almond_translate/311605/location/0	تیم شا تی	.
almond_translate/311605/location/1	کولوون	.
almond_translate/311605/location/2	منطقه ی یا سیم مونگ	.
almond_translate/311605/type/0	موزه ها	.
almond_translate/311609/address/0	2 دهکده چوک یوین ، وانگ تای سین ، کووloon	.
almond_translate/311609/name/0	در واقع ، در واقع ، در واقع ، در واقع ، در واقع ، در واقع ، در واقع ، در واقع ، در واقع ، در واقع ، در واقع ، در واقع ، در واقع ، در واقع ، در واقع ، در واقع ، در واقع ، در واقع ، در واقع ، در واقع ، در واقع ، در واقع ، در واقع ، در واقع ، در واقع ، در واقع ، در واقع ، در واقع ، در واقع ، در واقع ، در واقع ، در واقع ، در واقع ، در واقع ، در واقع ، در واقع ، در واقع ، در واقع ، در واقع ، در واقع ، در واقع ، در واقع ، در واقع ، در واقع ، در واقع ، در واقع ، در واقع ، در واقع ، در واقع ،	.
almond_translate/311609/location/0	وانگ تای سین ولسوالۍ	.
almond_translate/311609/location/1	کولوون	.
almond_translate/311609/type/0	مناظر و چشم انداز	.
almond_translate/315245/address/0	خیابان کانسو و خیابان جردن ، مونگاک ، کولوون	.
almond_translate/315245/name/0	بازار شبانه خیابان معبد	.
almond_translate/315245/location/0	کولوون	.
almond_translate/315245/location/1	منطقه ی یا سیم مونگ	.
almond_translate/315245/location/2	اردن / یا ما تی	.
almond_translate/315245/type/0	خرید	.
almond_translate/315462/address/0	1 مان لام رید ، شاتین ، Terries جدید	.
almond_translate/315462/name/0	موزه میراث هند	.
almond_translate/315462/location/0	سرزمینهای نو	.
almond_translate/315462/location/1	شا تین	.
almond_translate/315462/type/0	موزه ها	.
almond_translate/315463/address/0	شماره 124-126 هالیوود رید ، مرکز	.
almond_translate/315463/name/0	منم مو	.
almond_translate/315463/location/0	سرزمینهای نو	.
almond_translate/315463/location/1	تای پو	.
almond_translate/315463/location/2	تای پو هوی	.
almond_translate/315463/type/0	مناظر و چشم انداز	.
almond_translate/315464/address/0	175 تانگ های رود ، شاو کی وان	.
almond_translate/315464/name/0	موزه حفاظت ساحلی هانگ کنگ	.
almond_translate/315464/location/0	یک کونگ ننگ	.
almond_translate/315464/location/1	منطقه شرقی	.
almond_translate/315464/location/2	جزیره هنگ کنگ	.
almond_translate/315464/type/0	موزه ها	.
almond_translate/315465/address/0	14 کوی شن ، چای وان	.
almond_translate/315465/name/0	موزه حقوق بریتانیا	.
almond_translate/315465/location/0	منطقه شرقی	.
almond_translate/315465/location/1	جزیره هنگ کنگ	.
almond_translate/315465/type/0	موزه ها	.
almond_translate/317417/address/0	شماره ۳۳ ، خیابان باغ ، مرکز	.
almond_translate/317417/name/0	ترمز قله	.
almond_translate/317417/location/0	منطقه مرکزی	.
almond_translate/317417/location/1	مرکزی	.
almond_translate/317417/location/2	جزیره هنگ کنگ	.
almond_translate/317417/type/0	حمل و نقل	.
almond_translate/317423/address/0	خیابان هونگ لوک ، کولوون خیابان من جالین جاتی آرا 5 شماره 1 کوتا باندون 40275 است	.
almond_translate/317423/name/0	خیابان پرنده	.
almond_translate/317423/location/0	منگ کوک	.
almond_translate/317423/location/1	کولوون	.
almond_translate/317423/location/2	منطقه ی یا سیم مونگ	.
almond_translate/317423/type/0	خرید	.
almond_translate/317431/address/0	شماره ۱۸۰ ، خیابان وانگ چوک هانگ ، ابردین	.
almond_translate/317431/name/0	پارک اقیانوس	.
almond_translate/317431/location/0	منطقه خلیج	.
almond_translate/317431/location/1	جزیره هنگ کنگ	.
almond_translate/317431/location/2	منطقه جنوبی	.
almond_translate/317431/type/0	باغ وحشها و حوضچه ها	.
almond_translate/317431/type/1	پارک های آبی و تفریحی	.
almond_translate/317431/type/2	طبیعت و پارکها	.
almond_translate/317451/address/0	باغ ومپوا ، هونگهوم ، کولوون	.
almond_translate/317451/name/0	ومپوا	.
almond_translate/317451/location/0	منطقه شهر کولوون	.
almond_translate/317451/location/1	کولوون	.
almond_translate/317451/location/2	ومپوا	.
almond_translate/317451/type/0	خرید	.
almond_translate/320284/address/0	مرکزی	.
almond_translate/320284/name/0	لانگ کوی فنگ	.
almond_translate/320284/location/0	منطقه مرکزی	.
almond_translate/320284/location/1	مرکزی	.
almond_translate/320284/location/2	جزیره هنگ کنگ	.
almond_translate/320284/type/0	مناظر و چشم انداز	.
almond_translate/320284/type/1	دیگر	.
almond_translate/320540/address/0	1 دایره ی اکسپو دکتر ، وَنچی	.
almond_translate/320540/name/0	مرکز نمایشگاه و کنوانسیون ها در هنگ کنگ	.
almond_translate/320540/location/0	وان چی / خلیج کاوزوی	.
almond_translate/320540/location/1	جزیره هنگ کنگ	.
almond_translate/320540/location/2	زمین بازی جنوبی	.
almond_translate/320540/type/0	مناظر و چشم انداز	.
almond_translate/320540/type/1	منابع مسافر	.
almond_translate/320715/address/0	استنلی ساحل	.
almond_translate/320715/name/0	بازار استنلی	.
almond_translate/320715/location/0	استنلی	.
almond_translate/320715/location/1	جزیره هنگ کنگ	.
almond_translate/320715/location/2	منطقه جنوبی	.
almond_translate/320715/type/0	خرید	.
almond_translate/320717/address/0	میدان دونده های هیپی ولی ، هیپی ولی ، جزیره هنگ کنگ	.
almond_translate/320717/name/0	میدان دونده های شاد دره	.
almond_translate/320717/location/0	وان چی / خلیج کاوزوی	.
almond_translate/320717/location/1	ویلی شاد	.
almond_translate/320717/location/2	جزیره هنگ کنگ	.
almond_translate/320717/type/0	کاسین ها و قمار	.
almond_translate/320717/type/1	بازی های سرگرم کننده	.
almond_translate/434257/address/0	دو تا طبقه ی متوسطِ مسیرِ کین ، شینگ وان	.
almond_translate/434257/name/0	موزه علوم پزشکی هانگ کنگ	.
almond_translate/434257/location/0	شونگ وان	.
almond_translate/434257/location/1	منطقه مرکزی	.
almond_translate/434257/location/2	جزیره هنگ کنگ	.
almond_translate/434257/type/0	موزه ها	.
almond_translate/437839/address/0	خیابان چایلین ، هیل الماس	.
almond_translate/437839/name/0	صومعه چیلین	.
almond_translate/437839/location/0	وانگ تای سین ولسوالۍ	.
almond_translate/437839/location/1	کولوون	.
almond_translate/437839/type/0	مناظر و چشم انداز	.
almond_translate/437839/type/1	طبیعت و پارکها	.
almond_translate/441412/address/0	27 جاده ی کوهستان	.
almond_translate/441412/name/0	موزه پلیس	.
almond_translate/441412/location/0	جزیره هنگ کنگ	.
almond_translate/441412/location/1	زمین بازی جنوبی	.
almond_translate/441412/type/0	موزه ها	.
almond_translate/442858/address/0	94 خیابان بَنَم ، پوکولام ، سای ینگ پَن ، دانشگاه هنگ کنگ	.
almond_translate/442858/name/0	موزه و گالری هنر دانشگاه	.
almond_translate/442858/location/0	دانشگاه	.
almond_translate/442858/location/1	جزیره هنگ کنگ	.
almond_translate/442858/location/2	منطقه غربی	.
almond_translate/442858/type/0	موزه ها	.
almond_translate/447111/address/0	لندтау	.
almond_translate/447111/name/0	مُناستوری "" پولین "" (سُنت لوتوس)	.
almond_translate/447111/location/0	سرزمینهای نو	.
almond_translate/447111/location/1	منطقه جزایر	.
almond_translate/447111/location/2	لندтау	.
almond_translate/447111/type/0	مناظر و چشم انداز	.
almond_translate/447111/type/1	طبیعت و پارکها	.
almond_translate/450875/address/0	طرف جنوبی جزیره هنگ کنگ	.
almond_translate/450875/name/0	بندر چین	.
almond_translate/450875/location/0	منطقه مرکزی	.
almond_translate/450875/location/1	مرکزی	.
almond_translate/450875/location/2	جزیره هنگ کنگ	.
almond_translate/450875/type/0	مناظر و چشم انداز	.
almond_translate/450875/type/1	دیگر	.
almond_translate/456275/address/0	10 ، خیابان سالیبری ، مجتمع مرکز فرهنگی ، تیم شا تی ، کولوون	.
almond_translate/456275/name/0	موزه فضاهای هنگ کنگ	.
almond_translate/456275/location/0	تیم شا تی	.
almond_translate/456275/location/1	کولوون	.
almond_translate/456275/location/2	منطقه ی یا سیم مونگ	.
almond_translate/456275/type/0	موزه ها	.
almond_translate/487176/address/0	جزیره سینگ یو	.
almond_translate/487176/name/0	پل سان ما	.
almond_translate/487176/location/0	سرزمینهای نو	.
almond_translate/487176/location/1	سینگ یو	.
almond_translate/487176/location/2	کوای سینگ	.
almond_translate/487176/type/0	مناظر و چشم انداز	.
almond_translate/487231/address/0	خیابان چ کونگ میو	.
almond_translate/487231/name/0	معبد چ کونگ	.
almond_translate/487231/location/0	سرزمینهای نو	.
almond_translate/487231/location/1	شا تین	.
almond_translate/487231/type/0	مناظر و چشم انداز	.
almond_translate/487237/address/0	تای پو	.
almond_translate/487237/name/0	لام تیوان آرزوی درخت	.
almond_translate/487237/location/0	سرزمینهای نو	.
almond_translate/487237/location/1	تای پو	.
almond_translate/487237/type/0	مناظر و چشم انداز	.
almond_translate/487254/address/0	کام تین	.
almond_translate/487254/name/0	پارک معبد باستانی بات هونگ	.
almond_translate/487254/location/0	سرزمینهای نو	.
almond_translate/487254/location/1	یوین لانگ	.
almond_translate/487254/type/0	مناظر و چشم انداز	.
almond_translate/487254/type/1	طبیعت و پارکها	.
almond_translate/487256/address/0	محمۀ طبیعت مای پو ، یوین لانگ ، Terries نو	.
almond_translate/487256/name/0	محموله طبیعت می پو	.
almond_translate/487256/location/0	سرزمینهای نو	.
almond_translate/487256/location/1	یوین لانگ	.
almond_translate/487256/type/0	طبیعت و پارکها	.
almond_translate/506206/address/0	کولوون	.
almond_translate/506206/name/0	تیم شا تی	.
almond_translate/506206/location/0	تیم شا تی	.
almond_translate/506206/location/1	کولوون	.
almond_translate/506206/location/2	منطقه ی یا سیم مونگ	.
almond_translate/506206/type/0	مناظر و چشم انداز	.
almond_translate/506206/type/1	دیگر	.
almond_translate/537975/address/0	لندтау	.
almond_translate/537975/name/0	بودا تیان تان (بوه بزرگ)	.
almond_translate/537975/location/0	سرزمینهای نو	.
almond_translate/537975/location/1	منطقه جزایر	.
almond_translate/537975/location/2	لندтау	.
almond_translate/537975/type/0	مناظر و چشم انداز	.
almond_translate/537986/address/0	کولوون	.
almond_translate/537986/name/0	جاده ناتان	.
almond_translate/537986/location/0	سرزمینهای نو	.
almond_translate/537986/location/1	تسو آن وان	.
almond_translate/537986/type/0	مناظر و چشم انداز	.
almond_translate/537986/type/1	دیگر	.
almond_translate/537989/address/0	جزیره لامما ، جزیره دیستیک	.
almond_translate/537989/name/0	جزیره لامپا	.
almond_translate/537989/location/0	سرزمینهای نو	.
almond_translate/537989/location/1	منطقه جزایر	.
almond_translate/537989/location/2	جزیره لامپا	.
almond_translate/537989/type/0	طبیعت و پارکها	.
almond_translate/537989/type/1	فعالیت های بیرونی	.
almond_translate/537991/address/0	خیابان کانسو	.
almond_translate/537991/name/0	بازار جید	.
almond_translate/537991/location/0	کولوون	.
almond_translate/537991/location/1	منطقه ی یا سیم مونگ	.
almond_translate/537991/location/2	اردن / یا ما تی	.
almond_translate/537991/type/0	خرید	.
almond_translate/537992/address/0	پارک ویکتوریا ، کوز وائی	.
almond_translate/537992/name/0	نمایشگاه گلهای هنگ کنگ	.
almond_translate/537992/location/0	وان چی / خلیج کاوزوی	.
almond_translate/537992/location/1	پارک ویکتوریا	.
almond_translate/537992/location/2	جزیره هنگ کنگ	.
almond_translate/537992/type/0	دیگر	.
almond_translate/543472/address/0	شماره ۴-۸ خیابان باغ ، منطقه مرکزی	.
almond_translate/543472/name/0	کلیسای سنت جان	.
almond_translate/543472/location/0	منطقه مرکزی	.
almond_translate/543472/location/1	مرکزی	.
almond_translate/543472/location/2	جزیره هنگ کنگ	.
almond_translate/543472/type/0	مناظر و چشم انداز	.
almond_translate/543602/address/0	لندтау	.
almond_translate/543602/name/0	پارک دیزنی هانگ کنگ	.
almond_translate/543602/location/0	سرزمینهای نو	.
almond_translate/543602/location/1	منطقه جزایر	.
almond_translate/543602/location/2	خلیج دیسکاوری	.
almond_translate/543602/type/0	پارک های آبی و تفریحی	.
almond_translate/548050/address/0	شماره یک جاده لوگارد ، کوه ویکتوریا	.
almond_translate/548050/name/0	برج قله	.
almond_translate/548050/location/0	قله	.
almond_translate/548050/location/1	منطقه مرکزی	.
almond_translate/548050/location/2	جزیره هنگ کنگ	.
almond_translate/548050/type/0	مناظر و چشم انداز	.
almond_translate/548055/address/0	جاده پارک استوایی ، تین شوی وای	.
almond_translate/548055/name/0	پارک مناطق استوایی هنگ کنگ	.
almond_translate/548055/location/0	سرزمینهای نو	.
almond_translate/548055/location/1	منطقه جزایر	.
almond_translate/548055/location/2	تونگ چینگ	.
almond_translate/548055/type/0	طبیعت و پارکها	.
almond_translate/590751/address/0	خیابان بندر ، منطقه وان چی ، جزیره هنگ کنگ	.
almond_translate/590751/name/0	پلازای مرکزی	.
almond_translate/590751/location/0	وان چی / خلیج کاوزوی	.
almond_translate/590751/location/1	جزیره هنگ کنگ	.
almond_translate/590751/location/2	زمین بازی جنوبی	.
almond_translate/590751/type/0	مناظر و چشم انداز	.
almond_translate/590751/type/1	دیگر	.
almond_translate/590792/address/0	جاده ی مخزن آبهای ابردین	.
almond_translate/590792/name/0	پارک روستایی ابردین	.
almond_translate/590792/location/0	جزیره هنگ کنگ	.
almond_translate/590792/location/1	منطقه جنوبی	.
almond_translate/590792/type/0	طبیعت و پارکها	.
almond_translate/590792/type/1	فعالیت های بیرونی	.
almond_translate/590811/address/0	خیابان آلبانی	.
almond_translate/590811/name/0	باغ های وحش و گیاه شناسی هنگ کنگ	.
almond_translate/590811/location/0	سطوح میانی	.
almond_translate/590811/location/1	مرکزی	.
almond_translate/590811/location/2	جزیره هنگ کنگ	.
almond_translate/590811/location/3	منطقه مرکزی	.
almond_translate/590811/type/0	باغ وحشها و حوضچه ها	.
almond_translate/590811/type/1	طبیعت و پارکها	.
almond_translate/590811/type/2	فعالیت های بیرونی	.
almond_translate/590918/address/0	کولوون	.
almond_translate/590918/name/0	یاماتی	.
almond_translate/590918/location/0	سرزمینهای نو	.
almond_translate/590918/location/1	تسو آن وان	.
almond_translate/590918/type/0	مناظر و چشم انداز	.
almond_translate/590918/type/1	دیگر	.
almond_translate/590959/address/0	فو یونگ شان سان	.
almond_translate/590959/name/0	چاک لام سیم یوین	.
almond_translate/590959/location/0	سرزمینهای نو	.
almond_translate/590959/location/1	تسو آن وان	.
almond_translate/590959/type/0	مناظر و چشم انداز	.
almond_translate/592379/address/0	10 سالی برری ، تیم شا تی ، کولوون	.
almond_translate/592379/name/0	مرکز فرهنگی هنگ کنگ	.
almond_translate/592379/location/0	تیم شا تی	.
almond_translate/592379/location/1	کولوون	.
almond_translate/592379/location/2	منطقه ی یا سیم مونگ	.
almond_translate/592379/type/0	موزه ها	.
almond_translate/592379/type/1	کنسرت و نمایش	.
almond_translate/593022/address/0	تسو آن وان	.
almond_translate/593022/name/0	تای مو شان	.
almond_translate/593022/location/0	سرزمینهای نو	.
almond_translate/593022/location/1	تسو آن وان	.
almond_translate/593022/type/0	طبیعت و پارکها	.
almond_translate/593022/type/1	فعالیت های بیرونی	.
almond_translate/593026/address/0	سنادیتان ، ناحیه سون وان ، غرب Territorys New Territories	.
almond_translate/593026/name/0	موسسه ی یوین یوین	.
almond_translate/593026/location/0	سرزمینهای نو	.
almond_translate/593026/location/1	تسو آن وان	.
almond_translate/593026/type/0	مناظر و چشم انداز	.
almond_translate/593041/address/0	خیابان دِس فو ، جزیره مرکزی هنگ کنگ	.
almond_translate/593041/name/0	بازار غربی	.
almond_translate/593041/location/0	شونگ وان	.
almond_translate/593041/location/1	منطقه مرکزی	.
almond_translate/593041/location/2	جزیره هنگ کنگ	.
almond_translate/593041/type/0	خرید	.
almond_translate/593046/address/0	خیابان هالیوودی	.
almond_translate/593046/name/0	منطقه غربی	.
almond_translate/593046/location/0	شونگ وان	.
almond_translate/593046/location/1	منطقه مرکزی	.
almond_translate/593046/location/2	جزیره هنگ کنگ	.
almond_translate/593046/type/0	مناظر و چشم انداز	.
almond_translate/593046/type/1	دیگر	.
almond_translate/593051/address/0	شماره ۲۲۱ خیابان ملکه ، منطقه وان چی	.
almond_translate/593051/name/0	وَن چیی پستی	.
almond_translate/593051/location/0	غرب (سه وان)	.
almond_translate/593051/location/1	جزیره هنگ کنگ	.
almond_translate/593051/location/2	سای ینگ پون	.
almond_translate/593051/location/3	منطقه غربی	.
almond_translate/593051/type/0	مناظر و چشم انداز	.
almond_translate/593052/address/0	شماره یک خیابان هینگ فات ، خلیج کاوز وای	.
almond_translate/593052/name/0	پارک ویکتوریا	.
almond_translate/593052/location/0	وان چی / خلیج کاوزوی	.
almond_translate/593052/location/1	پارک ویکتوریا	.
almond_translate/593052/location/2	جزیره هنگ کنگ	.
almond_translate/593052/type/0	طبیعت و پارکها	.
almond_translate/593057/address/0	تیم شا تی	.
almond_translate/593057/name/0	خیابان سیم شا تی	.
almond_translate/593057/location/0	تیم شا تی	.
almond_translate/593057/location/1	کولوون	.
almond_translate/593057/location/2	منطقه ی یا سیم مونگ	.
almond_translate/593057/type/0	مناظر و چشم انداز	.
almond_translate/593073/address/0	G/F ، 24 ، خیابان ایستگاه بالا ، شینگ وان	.
almond_translate/593073/name/0	گالری کارگاه سفالگری هنگ کنگ	.
almond_translate/593073/location/0	سطوح میانی	.
almond_translate/593073/location/1	مرکزی	.
almond_translate/593073/location/2	جزیره هنگ کنگ	.
almond_translate/593073/location/3	منطقه مرکزی	.
almond_translate/593073/type/0	خرید	.
almond_translate/593073/type/1	مناظر و چشم انداز	.
almond_translate/593073/type/2	موزه ها	.
almond_translate/593120/address/0	232 هولیوود	.
almond_translate/593120/name/0	کلیسای سنت متی	.
almond_translate/593120/location/0	شونگ وان	.
almond_translate/593120/location/1	منطقه مرکزی	.
almond_translate/593120/location/2	جزیره هنگ کنگ	.
almond_translate/593120/type/0	مناظر و چشم انداز	.
almond_translate/593121/address/0	2A ، جاده براودود ، دره ی خوشحال	.
almond_translate/593121/name/0	کلیسای سنت مارگارت	.
almond_translate/593121/location/0	جزیره هنگ کنگ	.
almond_translate/593121/type/0	مناظر و چشم انداز	.
almond_translate/593123/address/0	۳۷ خیابان باغ	.
almond_translate/593123/name/0	کلیسای سنت جوزف	.
almond_translate/593123/location/0	سطوح میانی	.
almond_translate/593123/location/1	مرکزی	.
almond_translate/593123/location/2	جزیره هنگ کنگ	.
almond_translate/593123/location/3	منطقه مرکزی	.
almond_translate/593123/type/0	مناظر و چشم انداز	.
almond_translate/593126/address/0	در جنوب خیابان هالیوود	.
almond_translate/593126/name/0	سوهو	.
almond_translate/593126/location/0	شونگ وان	.
almond_translate/593126/location/1	منطقه مرکزی	.
almond_translate/593126/location/2	جزیره هنگ کنگ	.
almond_translate/593126/type/0	مناظر و چشم انداز	.
almond_translate/593126/type/1	دیگر	.
almond_translate/593131/address/0	پک تام چونگ	.
almond_translate/593131/name/0	موزه ی مردم چین یو	.
almond_translate/593131/location/0	سرزمینهای نو	.
almond_translate/593131/location/1	سای کونگ	.
almond_translate/593131/type/0	موزه ها	.
almond_translate/593138/address/0	2 کویوک لاین ، سون وان	.
almond_translate/593138/name/0	موزه سام تونگ یوک	.
almond_translate/593138/location/0	سرزمینهای نو	.
almond_translate/593138/location/1	تسو آن وان	.
almond_translate/593138/type/0	موزه ها	.
almond_translate/593139/address/0	سام شوی پو	.
almond_translate/593139/name/0	سام شوی پو	.
almond_translate/593139/location/0	منطقه شان شوی پو	.
almond_translate/593139/location/1	نام چنگ	.
almond_translate/593139/location/2	کولوون	.
almond_translate/593139/type/0	مناظر و چشم انداز	.
almond_translate/593139/type/1	دیگر	.
almond_translate/593142/address/0	در جنوب کوه تایپینگ ، منطقه جنوبی	.
almond_translate/593142/name/0	ساحل ریپلس بی	.
almond_translate/593142/location/0	منطقه خلیج	.
almond_translate/593142/location/1	جزیره هنگ کنگ	.
almond_translate/593142/location/2	منطقه جنوبی	.
almond_translate/593142/type/0	طبیعت و پارکها	.
almond_translate/593142/type/1	فعالیت های بیرونی	.
almond_translate/593145/address/0	18 ، خیابان اوی کوان ، وَنچی	.
almond_translate/593145/name/0	استادیوم ملکه الیزابت	.
almond_translate/593145/location/0	وان چی / خلیج کاوزوی	.
almond_translate/593145/location/1	جزیره هنگ کنگ	.
almond_translate/593145/type/0	بازی های سرگرم کننده	.
almond_translate/593153/address/0	شاتین ، دانشگاه چین	.
almond_translate/593153/name/0	موزه هنر دانشگاه چینی هانگ کنگ	.
almond_translate/593153/location/0	سرزمینهای نو	.
almond_translate/593153/location/1	شا تین	.
almond_translate/593153/type/0	موزه ها	.
almond_translate/593158/address/0	کولوون	.
almond_translate/593158/name/0	مونگکو	.
almond_translate/593158/location/0	سرزمینهای نو	.
almond_translate/593158/location/1	تسو آن وان	.
almond_translate/593158/type/0	مناظر و چشم انداز	.
almond_translate/593158/type/1	دیگر	.
almond_translate/593160/address/0	قطعه 358-359 ، در D D 185 ، شاتین	.
almond_translate/593160/name/0	ده هزار بودای vienuه (مرد چاق)	.
almond_translate/593160/location/0	سرزمینهای نو	.
almond_translate/593160/location/1	شا تین	.
almond_translate/593160/type/0	مناظر و چشم انداز	.
almond_translate/593164/address/0	۷۵ خیابان چای وان	.
almond_translate/593164/name/0	پارک و روستای تعطیلات لی یومون	.
almond_translate/593164/location/0	یک کونگ ننگ	.
almond_translate/593164/location/1	منطقه شرقی	.
almond_translate/593164/location/2	جزیره هنگ کنگ	.
almond_translate/593164/type/0	طبیعت و پارکها	.
almond_translate/593168/address/0	سنت تونکین	.
almond_translate/593168/name/0	موزه گور لی چنگ یوک هان	.
almond_translate/593168/location/0	منطقه شان شوی پو	.
almond_translate/593168/location/1	لی چنگ یوک	.
almond_translate/593168/location/2	کولوون	.
almond_translate/593168/type/0	موزه ها	.
almond_translate/593170/address/0	8 جیکسون Road	.
almond_translate/593170/name/0	ساختمان قدیمی دادگاه عالی	.
almond_translate/593170/location/0	منطقه مرکزی	.
almond_translate/593170/location/1	مرکزی	.
almond_translate/593170/location/2	جزیره هنگ کنگ	.
almond_translate/593170/type/0	مناظر و چشم انداز	.
almond_translate/593171/address/0	جزیره سینگ یو ، کورن شمال غربی	.
almond_translate/593171/name/0	مرکز بازدید کننده و پلتفرم دید لاتنтау لینک	.
almond_translate/593171/location/0	سرزمینهای نو	.
almond_translate/593171/location/1	سینگ یو	.
almond_translate/593171/location/2	کوای سینگ	.
almond_translate/593171/type/0	مناظر و چشم انداز	.
almond_translate/593171/type/1	منابع مسافر	.
almond_translate/593175/address/0	تونگ تاو تیون	.
almond_translate/593175/name/0	پارک شهری دیواری کولوون	.
almond_translate/593175/location/0	منطقه شهر کولوون	.
almond_translate/593175/location/1	خلیج هونگ هوم	.
almond_translate/593175/location/2	کولوون	.
almond_translate/593175/type/0	طبیعت و پارکها	.
almond_translate/593179/address/0	لام کام	.
almond_translate/593179/name/0	مزارع کادوری و باغ های گیاه شناسی	.
almond_translate/593179/location/0	سرزمینهای نو	.
almond_translate/593179/location/1	تای پو	.
almond_translate/593179/type/0	مناظر و چشم انداز	.
almond_translate/593179/type/1	طبیعت و پارکها	.
almond_translate/593182/address/0	105 ناتان سړک ، کولوون	.
almond_translate/593182/name/0	مسجد و مرکز اسلامی کولوون	.
almond_translate/593182/location/0	تیم شا تی	.
almond_translate/593182/location/1	کولوون	.
almond_translate/593182/location/2	منطقه ی یا سیم مونگ	.
almond_translate/593182/type/0	مناظر و چشم انداز	.
almond_translate/593185/address/0	15-18 خیابان کاناچ ، طبقه 3 ، ساختمان بزرگ	.
almond_translate/593185/name/0	کلیسای « قلبِ پاکِ مریم »	.
almond_translate/593185/location/0	سرزمینهای نو	.
almond_translate/593185/location/1	تای پو	.
almond_translate/593185/location/2	تای پو هوی	.
almond_translate/593185/type/0	مناظر و چشم انداز	.
almond_translate/593187/address/0	مرکز هوپवेल ، 183 خیابان ملکه شرق ، وَنچی	.
almond_translate/593187/name/0	مرکز هوپवेल	.
almond_translate/593187/location/0	شونگ وان	.
almond_translate/593187/location/1	غرب (سه وان)	.
almond_translate/593187/location/2	جزیره هنگ کنگ	.
almond_translate/593187/location/3	منطقه مرکزی	.
almond_translate/593187/type/0	مناظر و چشم انداز	.
almond_translate/593191/address/0	7A Kennedy Road ، Central	.
almond_translate/593191/name/0	مرکز هنرهای بصری هنگ کنگ	.
almond_translate/593191/location/0	منطقه مرکزی	.
almond_translate/593191/location/1	مرکزی	.
almond_translate/593191/location/2	جزیره هنگ کنگ	.
almond_translate/593191/type/0	موزه ها	.
almond_translate/593195/address/0	جاده پوکو فو لام	.
almond_translate/593195/name/0	دانشگاه هنگ کنگ	.
almond_translate/593195/location/0	غرب (سه وان)	.
almond_translate/593195/location/1	جزیره هنگ کنگ	.
almond_translate/593195/location/2	منطقه غربی	.
almond_translate/593195/type/0	مناظر و چشم انداز	.
almond_translate/593196/address/0	هنگ کنگ چین	.
almond_translate/593196/name/0	استادیوم هنگ کنگ	.
almond_translate/593196/location/0	جزیره هنگ کنگ	.
almond_translate/593196/type/0	بازی های سرگرم کننده	.
almond_translate/593197/address/0	۱۳ خیابان شان تاک ، بازار تای پو ، تای پو	.
almond_translate/593197/name/0	موزه ی راه آهن هنگ کنگ	.
almond_translate/593197/location/0	سرزمینهای نو	.
almond_translate/593197/location/1	تای پو	.
almond_translate/593197/location/2	تای پو هوی	.
almond_translate/593197/type/0	موزه ها	.
almond_translate/593202/address/0	طبقه دوم دستان سالی شاد ، میدان دونده های سالی	.
almond_translate/593202/name/0	موزه ی مسابقات هندی	.
almond_translate/593202/location/0	وان چی / خلیج کاوزوی	.
almond_translate/593202/location/1	ویلی شاد	.
almond_translate/593202/location/2	جزیره هنگ کنگ	.
almond_translate/593202/type/0	موزه ها	.
almond_translate/604894/address/0	8 خیابان مان کونگ دره مرکزی شماره 8	.
almond_translate/604894/name/0	موزه دریایی هنگ کنگ	.
almond_translate/604894/location/0	منطقه مرکزی	.
almond_translate/604894/location/1	مرکزی	.
almond_translate/604894/location/2	جزیره هنگ کنگ	.
almond_translate/604894/type/0	موزه ها	.
almond_translate/624841/address/0	۱۱ جاده ی تَتَنگ ، تونگ چینگ ، جزیره ی لاَنتا	.
almond_translate/624841/name/0	ننگ پینگ ۳۶۰	.
almond_translate/624841/location/0	سرزمینهای نو	.
almond_translate/624841/location/1	منطقه جزایر	.
almond_translate/624841/location/2	تونگ چینگ	.
almond_translate/624841/type/0	مناظر و چشم انداز	.
almond_translate/624841/type/1	حمل و نقل	.
almond_translate/635372/address/0	خیابان تونگ چی	.
almond_translate/635372/name/0	بازار زنان	.
almond_translate/635372/location/0	منگ کوک	.
almond_translate/635372/location/1	کولوون	.
almond_translate/635372/location/2	منطقه ی یا سیم مونگ	.
almond_translate/635372/type/0	خرید	.
almond_translate/945715/address/0	تای پو	.
almond_translate/945715/name/0	معبد چنگ ها چینگ سی	.
almond_translate/945715/location/0	سرزمینهای نو	.
almond_translate/945715/location/1	تای پو	.
almond_translate/945715/type/0	مناظر و چشم انداز	.
almond_translate/1036338/address/0	جنوب شرقی یوتان ، منطقه کوون تونگ	.
almond_translate/1036338/name/0	بازار ماهی لی یو مان	.
almond_translate/1036338/location/0	کولوون	.
almond_translate/1036338/location/1	منطقه کوون تونگ	.
almond_translate/1036338/type/0	خرید	.
almond_translate/1367748/address/0	جنوب غربی جزیره هنگ کنگ	.
almond_translate/1367748/name/0	جزیره چانگ شو	.
almond_translate/1367748/location/0	منطقه مرکزی	.
almond_translate/1367748/location/1	مرکزی	.
almond_translate/1367748/location/2	جزیره هنگ کنگ	.
almond_translate/1367748/type/0	طبیعت و پارکها	.
almond_translate/1458525/address/0	جاده تاو فنگ شان ۳۳	.
almond_translate/1458525/name/0	مرکز مسیحی تاو فانگ شان	.
almond_translate/1458525/location/0	سرزمینهای نو	.
almond_translate/1458525/location/1	شا تین	.
almond_translate/1458525/type/0	مناظر و چشم انداز	.
almond_translate/1575066/address/0	۳۳ جاده پک یان ، ما وان ، Territoryes New Territories	.
almond_translate/1575066/name/0	کشتی نوح در هنگ کنگ	.
almond_translate/1575066/location/0	سرزمینهای نو	.
almond_translate/1575066/location/1	تسو آن وان	.
almond_translate/1575066/location/2	تیون وان غربی	.
almond_translate/1575066/type/0	مناظر و چشم انداز	.
almond_translate/1575066/type/1	پارک های آبی و تفریحی	.
almond_translate/1575066/type/2	طبیعت و پارکها	.
almond_translate/1575066/type/3	فعالیت های بیرونی	.
almond_translate/1642695/address/0	شماره ۲۰ خیابان سالیسبری ، تیم شاتی ، کولوون	.
almond_translate/1642695/name/0	خیابان ستاره ها	.
almond_translate/1642695/location/0	تیم شا تی	.
almond_translate/1642695/location/1	کولوون	.
almond_translate/1642695/location/2	منطقه ی یا سیم مونگ	.
almond_translate/1642695/type/0	مناظر و چشم انداز	.
almond_translate/1645928/address/0	شماره ۶۰ جاده فنگ تاک ، هیل الماس	.
almond_translate/1645928/name/0	باغ نان لیان	.
almond_translate/1645928/location/0	وانگ تای سین ولسوالۍ	.
almond_translate/1645928/location/1	کولوون	.
almond_translate/1645928/type/0	طبیعت و پارکها	.
almond_translate/1645935/address/0	فروشگاه P101 ، برج قله ، 128 جاده قله ، قله	.
almond_translate/1645935/name/0	مادام توساود هانگ کنگ	.
almond_translate/1645935/location/0	قله	.
almond_translate/1645935/location/1	منطقه مرکزی	.
almond_translate/1645935/location/2	جزیره هنگ کنگ	.
almond_translate/1645935/type/0	موزه ها	.
almond_translate/1675239/address/0	طبقه ۶ ، ترمیال دوم ، فرودگاه بین المللی هنگ کنگ	.
almond_translate/1675239/name/0	ADC و 4D نمایشگر نمایشگر افراطی	.
almond_translate/1675239/location/0	سرزمینهای نو	.
almond_translate/1675239/location/1	منطقه جزایر	.
almond_translate/1675239/location/2	تونگ چینگ	.
almond_translate/1675239/type/0	کنسرت و نمایش	.
almond_translate/1675241/address/0	فروشگاه 061 ، طبقه 6 ، اسکای پلازا ، فرودگاه بین المللی هنگ کنگ	.
almond_translate/1675241/name/0	مرکز کشف هوانوردی	.
almond_translate/1675241/location/0	سرزمینهای نو	.
almond_translate/1675241/location/1	منطقه جزایر	.
almond_translate/1675241/location/2	تونگ چینگ	.
almond_translate/1675241/type/0	موزه ها	.
almond_translate/1759873/address/0	شماره ۳۰۱-۳۱۹ جاده ی ناتان	.
almond_translate/1759873/name/0	فروشگاه « یوی هاوا »	.
almond_translate/1759873/location/0	کولوون	.
almond_translate/1759873/location/1	منطقه ی یا سیم مونگ	.
almond_translate/1759873/location/2	اردن / یا ما تی	.
almond_translate/1759873/type/0	خرید	.
almond_translate/1776172/address/0	شماره 2A ، جاده ی کانتون ، تیم شا تی ، کولوون	.
almond_translate/1776172/name/0	۱۸۸۱ میراث	.
almond_translate/1776172/location/0	تیم شا تی	.
almond_translate/1776172/location/1	کولوون	.
almond_translate/1776172/location/2	منطقه ی یا سیم مونگ	.
almond_translate/1776172/type/0	خرید	.
almond_translate/1806376/address/0	مغازه 121 ، طبقه 1 ، ادی ویستوود ، 8 خیابان بلچر ، شهر کندی	.
almond_translate/1806376/name/0	منطقه سرگرمی کندی	.
almond_translate/1806376/location/0	کندی تاون و ماونت دیویس	.
almond_translate/1806376/location/1	غرب (سه وان)	.
almond_translate/1806376/location/2	جزیره هنگ کنگ	.
almond_translate/1806376/location/3	منطقه غربی	.
almond_translate/1806376/type/0	بازی های سرگرم کننده	.
almond_translate/1806376/type/1	طبیعت و پارکها	.
almond_translate/1843642/address/0	شماره ۹ نئوانچنگ سړک ، شهر شاتوجو ، منطقه ی یانتیان ، چین ۵۱۸۸۰	.
almond_translate/1843642/name/0	موزه تاریخ خیابان چین-انگستان	.
almond_translate/1843642/location/0	سرزمینهای نو	.
almond_translate/1843642/location/1	منطقه شمالی	.
almond_translate/1843642/type/0	موزه ها	.
almond_translate/1867881/address/0	G/F ، Elements, No. 1 Austin Road West, Tsim Sha Tsui,Kowloon	.
almond_translate/1867881/name/0	رینگ یخی (مول Ellements)	.
almond_translate/1867881/location/0	کولوون	.
almond_translate/1867881/location/1	منطقه ی یا سیم مونگ	.
almond_translate/1867881/type/0	بازی های سرگرم کننده	.
almond_translate/1875747/address/0	منطقه مرکزی و غربی	.
almond_translate/1875747/name/0	مرکزی	.
almond_translate/1875747/location/0	منطقه مرکزی	.
almond_translate/1875747/location/1	مرکزی	.
almond_translate/1875747/location/2	جزیره هنگ کنگ	.
almond_translate/1875747/type/0	مناظر و چشم انداز	.
almond_translate/1902942/address/0	پینگ شان	.
almond_translate/1902942/name/0	گالری پینگ شان تان	.
almond_translate/1902942/location/0	سرزمینهای نو	.
almond_translate/1902942/location/1	پینگ شان	.
almond_translate/1902942/location/2	یوین لانگ	.
almond_translate/1902942/type/0	موزه ها	.
almond_translate/1944740/address/0	22 خیابان آستین ، تیم شا تی	.
almond_translate/1944740/name/0	پارک کولوون	.
almond_translate/1944740/location/0	تیم شا تی	.
almond_translate/1944740/location/1	کولوون	.
almond_translate/1944740/location/2	منطقه ی یا سیم مونگ	.
almond_translate/1944740/type/0	طبیعت و پارکها	.
almond_translate/1992541/address/0	هنگ کنگ چین	.
almond_translate/1992541/name/0	راه آهن های هنگ کنگ (دینگ دان)	.
almond_translate/1992541/location/0	غرب (سه وان)	.
almond_translate/1992541/location/1	جزیره هنگ کنگ	.
almond_translate/1992541/location/2	شیک تونگ تی	.
almond_translate/1992541/location/3	منطقه غربی	.
almond_translate/1992541/type/0	حمل و نقل	.
almond_translate/2003134/address/0	خیابان جیکسیان ، منطقه شانشویبو	.
almond_translate/2003134/name/0	پارک پرندگان خیابان یوانپو	.
almond_translate/2003134/location/0	منگ کوک	.
almond_translate/2003134/location/1	کولوون	.
almond_translate/2003134/location/2	منطقه ی یا سیم مونگ	.
almond_translate/2003134/type/0	طبیعت و پارکها	.
almond_translate/2003136/address/0	غرب منطقه ، منطقه ی یواننگ	.
almond_translate/2003136/name/0	لاو فاو شان	.
almond_translate/2003136/location/0	سرزمینهای نو	.
almond_translate/2003136/location/1	یوین لانگ	.
almond_translate/2003136/type/0	طبیعت و پارکها	.
almond_translate/2003138/address/0	در کوه سینگ ، منطقه ی تومن	.
almond_translate/2003138/name/0	هندینگ کنگ پنشن	.
almond_translate/2003138/location/0	سرزمینهای نو	.
almond_translate/2003138/location/1	توین مان	.
almond_translate/2003138/type/0	مناظر و چشم انداز	.
almond_translate/2004047/address/0	کوه داماو ، منطقه کوونوان	.
almond_translate/2004047/name/0	پارک روستایی تای مو شان	.
almond_translate/2004047/location/0	سرزمینهای نو	.
almond_translate/2004047/location/1	تای پو	.
almond_translate/2004047/type/0	طبیعت و پارکها	.
almond_translate/2004053/address/0	خیابان کین ۱۶	.
almond_translate/2004053/name/0	کلیسای کاتولیک هنگ کنگِ دورانِ اصالتِ پاک	.
almond_translate/2004053/location/0	منطقه مرکزی	.
almond_translate/2004053/location/1	سطوح میانی	.
almond_translate/2004053/location/2	جزیره هنگ کنگ	.
almond_translate/2004053/type/0	مناظر و چشم انداز	.
almond_translate/2004054/address/0	اپ ل Chau ، ناند	.
almond_translate/2004054/name/0	پل اپ لی شو	.
almond_translate/2004054/location/0	جزیره هنگ کنگ	.
almond_translate/2004054/location/1	منطقه جنوبی	.
almond_translate/2004054/location/2	اپ لی Chau	.
almond_translate/2004054/type/0	مناظر و چشم انداز	.
almond_translate/2005251/address/0	301 ساختمان پله دار ، ۱۲ خیابان پله دار	.
almond_translate/2005251/name/0	بن براون هنرهای زیبا	.
almond_translate/2005251/location/0	منطقه مرکزی	.
almond_translate/2005251/location/1	مرکزی	.
almond_translate/2005251/location/2	جزیره هنگ کنگ	.
almond_translate/2005251/type/0	موزه ها	.
almond_translate/2008060/address/0	جاده ی تَتْنگ ۲۰	.
almond_translate/2008060/name/0	فروشگاه های Citygate	.
almond_translate/2008060/location/0	سرزمینهای نو	.
almond_translate/2008060/location/1	منطقه جزایر	.
almond_translate/2008060/location/2	تونگ چینگ	.
almond_translate/2008060/type/0	خرید	.
almond_translate/2050635/address/0	۸۸ کوینسوی ، منطقه مرکزی جزیره هنگ کنگ	.
almond_translate/2050635/name/0	Pacific Place (شهری در اقیانوس آرام)	.
almond_translate/2050635/location/0	جزیره هنگ کنگ	.
almond_translate/2050635/location/1	تای فات هاو	.
almond_translate/2050635/type/0	خرید	.
almond_translate/2050636/address/0	8 خیابان آرگیل ، مونگ کوک ، کولوون	.
almond_translate/2050636/name/0	لانگهام پلیز	.
almond_translate/2050636/location/0	منگ کوک	.
almond_translate/2050636/location/1	کولوون	.
almond_translate/2050636/location/2	منطقه ی یا سیم مونگ	.
almond_translate/2050636/type/0	خرید	.
almond_translate/2050638/address/0	منطقه سای کونگ ، Territoryes East طبقه بالا ، East Garden Plaza ، Section A ، 66 Yi Chun Street ، سای کونگ ، Territoryes	.
almond_translate/2050638/name/0	سای کونگ	.
almond_translate/2050638/location/0	سرزمینهای نو	.
almond_translate/2050638/location/1	سای کونگ	.
almond_translate/2050638/type/0	مناظر و چشم انداز	.
almond_translate/2050638/type/1	دیگر	.
almond_translate/2050639/address/0	منطقه جنوبی	.
almond_translate/2050639/name/0	استنلی	.
almond_translate/2050639/location/0	استنلی	.
almond_translate/2050639/location/1	جزیره هنگ کنگ	.
almond_translate/2050639/location/2	منطقه جنوبی	.
almond_translate/2050639/type/0	خرید	.
almond_translate/2050639/type/1	مناظر و چشم انداز	.
almond_translate/2050640/address/0	خیابان آرگیل ، منطقه ی یا سیم مونگ ، کولوون کولوون	.
almond_translate/2050640/name/0	خیابان کتانی های هنگ کنگ	.
almond_translate/2050640/location/0	منگ کوک	.
almond_translate/2050640/location/1	کولوون	.
almond_translate/2050640/location/2	منطقه ی یا سیم مونگ	.
almond_translate/2050640/type/0	خرید	.
almond_translate/2050643/address/0	مسیر چینانگ ، نوتروریای غربی	.
almond_translate/2050643/name/0	چانگ چونگ کوون	.
almond_translate/2050643/location/0	سرزمینهای نو	.
almond_translate/2050643/location/1	توین مان	.
almond_translate/2050643/type/0	مناظر و چشم انداز	.
almond_translate/2050646/address/0	سای کونگ ولسوالۍနယ်မြေهای نو شرقی	.
almond_translate/2050646/name/0	مسیر مکلوز	.
almond_translate/2050646/location/0	سرزمینهای نو	.
almond_translate/2050646/location/1	سای کونگ	.
almond_translate/2050646/type/0	طبیعت و پارکها	.
almond_translate/2050646/type/1	فعالیت های بیرونی	.
almond_translate/2050654/address/0	خیابان جیامی ، منطقه جنوبی جزیره هنگ کنگ	.
almond_translate/2050654/name/0	خانه موری	.
almond_translate/2050654/location/0	استنلی	.
almond_translate/2050654/location/1	جزیره هنگ کنگ	.
almond_translate/2050654/location/2	منطقه جنوبی	.
almond_translate/2050654/type/0	مناظر و چشم انداز	.
almond_translate/2050658/address/0	جاده ی تونگ تاو وان ، منطقه جنوبی جزیره ی هنگ کنگ	.
almond_translate/2050658/name/0	موزه خدمات اصلاحی هانگ کنگ	.
almond_translate/2050658/location/0	استنلی	.
almond_translate/2050658/location/1	جزیره هنگ کنگ	.
almond_translate/2050658/location/2	منطقه جنوبی	.
almond_translate/2050658/type/0	موزه ها	.
almond_translate/2050660/address/0	ابردین	.
almond_translate/2050660/name/0	روستای ماهیگیری ابردین	.
almond_translate/2050660/location/0	ابردین	.
almond_translate/2050660/location/1	جزیره هنگ کنگ	.
almond_translate/2050660/location/2	منطقه جنوبی	.
almond_translate/2050660/type/0	مناظر و چشم انداز	.
almond_translate/2050660/type/1	دیگر	.
almond_translate/2136178/address/0	۱ خیابان آستین غربی ، کولوون ، ۱۰۰ /F ، مرکز تجارت بین المللی	.
almond_translate/2136178/name/0	Sky100 رصدخانه هانگ کنگ	.
almond_translate/2136178/location/0	کولوون	.
almond_translate/2136178/location/1	منطقه ی یا سیم مونگ	.
almond_translate/2136178/type/0	مناظر و چشم انداز	.
almond_translate/2136182/address/0	خیابان آستین غربی شماره 1	.
almond_translate/2136182/name/0	عناصر (همه)	.
almond_translate/2136182/location/0	کولوون	.
almond_translate/2136182/location/1	منطقه ی یا سیم مونگ	.
almond_translate/2136182/type/0	خرید	.
almond_translate/2151006/address/0	۸۰ خیابان تایت چی ، کولوون تونگ	.
almond_translate/2151006/name/0	راهپیمایی فیستیول	.
almond_translate/2151006/location/0	منطقه شان شوی پو	.
almond_translate/2151006/location/1	کولوون	.
almond_translate/2151006/type/0	خرید	.
almond_translate/2160895/address/0	Plaza Hollywood Limited ، Mezzanine Level ، Plaza Hollywood ، 3 Lung Poon Street ، Diamond Hill	.
almond_translate/2160895/name/0	پلازا هالیوود	.
almond_translate/2160895/location/0	وانگ تای سین ولسوالۍ	.
almond_translate/2160895/location/1	کولوون	.
almond_translate/2160895/type/0	خرید	.
almond_translate/2166000/address/0	شماره ۱۳۸ خیابان کمېتی روستایی شاتین ، شاتین	.
almond_translate/2166000/name/0	پلازای شهر نو	.
almond_translate/2166000/location/0	سرزمینهای نو	.
almond_translate/2166000/location/1	شا تین	.
almond_translate/2166000/type/0	خرید	.
almond_translate/2166000/type/1	مناظر و چشم انداز	.
almond_translate/2168820/address/0	شماره ۲۸ خیابان کانتون ، تیم شا تی ، کولوون سان پلازا	.
almond_translate/2168820/name/0	گالری T توسط DFS ، Hong Kong, Canton Road	.
almond_translate/2168820/location/0	تیم شا تی	.
almond_translate/2168820/location/1	کولوون	.
almond_translate/2168820/location/2	منطقه ی یا سیم مونگ	.
almond_translate/2168820/type/0	خرید	.
almond_translate/2173838/address/0	1 خیابان متسون خلیج کاوزوی	.
almond_translate/2173838/name/0	میدان تایمز	.
almond_translate/2173838/location/0	وان چی / خلیج کاوزوی	.
almond_translate/2173838/location/1	جزیره هنگ کنگ	.
almond_translate/2173838/location/2	خیابان کانال	.
almond_translate/2173838/type/0	خرید	.
almond_translate/2173838/type/1	مناظر و چشم انداز	.
almond_translate/2182315/address/0	شماره ۱۸ خیابان قلعه پیک ، توین مان	.
almond_translate/2182315/name/0	مُئو فت بودایی	.
almond_translate/2182315/location/0	سرزمینهای نو	.
almond_translate/2182315/location/1	توین مان	.
almond_translate/2182315/type/0	مناظر و چشم انداز	.
almond_translate/2186869/address/0	میدان قله (بین برج قله و گالری قله) ، قله ، جزیره هنگ کنگ	.
almond_translate/2186869/name/0	اداره ی گردشگری شهر ، مرکز بازدید کننده ی جزیره ی شهر	.
almond_translate/2186869/location/0	قله	.
almond_translate/2186869/location/1	منطقه مرکزی	.
almond_translate/2186869/location/2	جزیره هنگ کنگ	.
almond_translate/2186869/type/0	منابع مسافر	.
almond_translate/2207680/address/0	UG-21 ، Festival Walk 80 ، خیابان تات چی ، کولوون تونگ	.
almond_translate/2207680/name/0	رینگ اسکیت یخ زده ی ی یخبندان	.
almond_translate/2207680/location/0	منطقه شان شوی پو	.
almond_translate/2207680/location/1	کولوون	.
almond_translate/2207680/type/0	بازی های سرگرم کننده	.
almond_translate/2210623/address/0	در مقابل کوای چونگ ، در مناطق جدید	.
almond_translate/2210623/name/0	سینگ یو	.
almond_translate/2210623/location/0	سرزمینهای نو	.
almond_translate/2210623/location/1	سینگ یو	.
almond_translate/2210623/location/2	کوای سینگ	.
almond_translate/2210623/type/0	طبیعت و پارکها	.
almond_translate/2210636/address/0	شرق به وانچی ، غرب به پک کوک	.
almond_translate/2210636/name/0	خلیج کاوزウェی	.
almond_translate/2210636/location/0	وان چی / خلیج کاوزوی	.
almond_translate/2210636/location/1	جزیره هنگ کنگ	.
almond_translate/2210636/type/0	مناظر و چشم انداز	.
almond_translate/2210636/type/1	دیگر	.
almond_translate/2210644/address/0	خیابان تای کو شن ، تایکوی شن	.
almond_translate/2210644/name/0	شهر پلازا	.
almond_translate/2210644/location/0	تای کو شن وسټ	.
almond_translate/2210644/location/1	منطقه شرقی	.
almond_translate/2210644/location/2	جزیره هنگ کنگ	.
almond_translate/2210644/type/0	خرید	.
almond_translate/2210652/address/0	ترمينال فرودگاه بين المللي مرحله دوم	.
almond_translate/2210652/name/0	آسمان نما	.
almond_translate/2210652/location/0	سرزمینهای نو	.
almond_translate/2210652/location/1	منطقه جزایر	.
almond_translate/2210652/location/2	تونگ چینگ	.
almond_translate/2210652/type/0	خرید	.
almond_translate/2224828/address/0	منطقه کولوون	.
almond_translate/2224828/name/0	کوولون تونگ	.
almond_translate/2224828/location/0	کولوون	.
almond_translate/2224828/location/1	منطقه ی یا سیم مونگ	.
almond_translate/2224828/type/0	مناظر و چشم انداز	.
almond_translate/2224828/type/1	دیگر	.
almond_translate/2226373/address/0	G/F ، No.74 Stone Nullah Lane ،Wanchai	.
almond_translate/2226373/name/0	وَنچی محلِ معیشتی	.
almond_translate/2226373/location/0	جزیره هنگ کنگ	.
almond_translate/2226373/location/1	خیابان Hennessy	.
almond_translate/2226373/type/0	موزه ها	.
almond_translate/2226385/address/0	لندтау	.
almond_translate/2226385/name/0	خلیج دیسکاوری	.
almond_translate/2226385/location/0	سرزمینهای نو	.
almond_translate/2226385/location/1	منطقه جزایر	.
almond_translate/2226385/location/2	خلیج دیسکاوری	.
almond_translate/2226385/type/0	مناظر و چشم انداز	.
almond_translate/2226385/type/1	دیگر	.
almond_translate/2228870/address/0	کولوون پوینت ، تیم شا تی ، کولوون	.
almond_translate/2228870/name/0	فیری ستاره	.
almond_translate/2228870/location/0	تیم شا تی	.
almond_translate/2228870/location/1	کولوون	.
almond_translate/2228870/location/2	منطقه ی یا سیم مونگ	.
almond_translate/2228870/type/0	حمل و نقل	.
almond_translate/2238457/address/0	شماره ۷ جاده قلعه ، در حد متوسط ، مرکز	.
almond_translate/2238457/name/0	موزه دکتر سان ات سین	.
almond_translate/2238457/location/0	منطقه مرکزی	.
almond_translate/2238457/location/1	سطوح میانی	.
almond_translate/2238457/location/2	جزیره هنگ کنگ	.
almond_translate/2238457/type/0	مناظر و چشم انداز	.
almond_translate/2238457/type/1	موزه ها	.
almond_translate/2241513/address/0	ترن هوایی ماکا تایپا	.
almond_translate/2241513/name/0	جت آبی کوتی	.
almond_translate/2241513/location/0	شونگ وان	.
almond_translate/2241513/location/1	منطقه مرکزی	.
almond_translate/2241513/location/2	جزیره هنگ کنگ	.
almond_translate/2241513/type/0	حمل و نقل	.
almond_translate/2241514/address/0	دره مرکزی ۵ ، دره مرکزی ۶ ، دره چنگ Chau ، دره موی وو دره نورث پوینت ، دره هوم ، دره کولوون	.
almond_translate/2241514/name/0	اولین قایق	.
almond_translate/2241514/location/0	منطقه شان شوی پو	.
almond_translate/2241514/location/1	لای چی کوک	.
almond_translate/2241514/location/2	کولوون	.
almond_translate/2241514/type/0	حمل و نقل	.
almond_translate/2282452/address/0	ترن هوایی هانگ کنگ ماکاو	.
almond_translate/2282452/name/0	توربوجت	.
almond_translate/2282452/location/0	شونگ وان	.
almond_translate/2282452/location/1	منطقه مرکزی	.
almond_translate/2282452/location/2	جزیره هنگ کنگ	.
almond_translate/2282452/type/0	حمل و نقل	.
almond_translate/2296809/address/0	خیابان کانتون ، تیم شا تی ، کولوون	.
almond_translate/2296809/name/0	شهر بندر	.
almond_translate/2296809/location/0	تیم شا تی	.
almond_translate/2296809/location/1	کولوون	.
almond_translate/2296809/location/2	منطقه ی یا سیم مونگ	.
almond_translate/2296809/type/0	خرید	.
almond_translate/2296819/address/0	شماره ۶۳-۶۷ جاده ی ناتان	.
almond_translate/2296819/name/0	مربع	.
almond_translate/2296819/location/0	تیم شا تی	.
almond_translate/2296819/location/1	کولوون	.
almond_translate/2296819/location/2	منطقه ی یا سیم مونگ	.
almond_translate/2296819/type/0	خرید	.
almond_translate/2297249/address/0	شماره ۳۳ جاده ی کانتون ، تیم شا تی ، کولوون	.
almond_translate/2297249/name/0	چین مرکز خرید شهر هنگ کنگ (کولوون)	.
almond_translate/2297249/location/0	تیم شا تی	.
almond_translate/2297249/location/1	کولوون	.
almond_translate/2297249/location/2	منطقه ی یا سیم مونگ	.
almond_translate/2297249/type/0	خرید	.
almond_translate/2297328/address/0	بخش روستایی در سای کونگ و شمال شرقی مناطق جدید	.
almond_translate/2297328/name/0	پارک زمین شناسی هنگ کنگ	.
almond_translate/2297328/location/0	سرزمینهای نو	.
almond_translate/2297328/location/1	سای کونگ	.
almond_translate/2297328/type/0	طبیعت و پارکها	.
almond_translate/2422456/address/0	شمال غربی ایالات متحده	.
almond_translate/2422456/name/0	پلازای شهری توین مان	.
almond_translate/2422456/location/0	سرزمینهای نو	.
almond_translate/2422456/location/1	توین مان	.
almond_translate/2422456/type/0	مناظر و چشم انداز	.
almond_translate/2422456/type/1	دیگر	.
almond_translate/2643438/address/0	خیابان وانچی ، ساحلیbay منطقه وانچی	.
almond_translate/2643438/name/0	بازار ماهی و سبزیجات	.
almond_translate/2643438/location/0	وان چی / خلیج کاوزوی	.
almond_translate/2643438/location/1	جزیره هنگ کنگ	.
almond_translate/2643438/type/0	خرید	.
almond_translate/3345904/address/0	شماره هشت و ۱۰ در جاده ی پونگ	.
almond_translate/3345904/name/0	تای پو میگا مال	.
almond_translate/3345904/location/0	سرزمینهای نو	.
almond_translate/3345904/location/1	تای پو	.
almond_translate/3345904/type/0	خرید	.
almond_translate/3345905/address/0	۸ ، ۱۸ و ۲۸ در خیابان شن	.
almond_translate/3345905/name/0	مُستُون	.
almond_translate/3345905/location/0	سرزمینهای نو	.
almond_translate/3345905/location/1	ما آن شان	.
almond_translate/3345905/location/2	شا تین	.
almond_translate/3345905/type/0	خرید	.
almond_translate/3362214/address/0	8 خیابان مالی ، مرکز ، جزیره هنگ کنگ	.
almond_translate/3362214/name/0	مرکز خرید IFC	.
almond_translate/3362214/location/0	منطقه مرکزی	.
almond_translate/3362214/location/1	مرکزی	.
almond_translate/3362214/location/2	جزیره هنگ کنگ	.
almond_translate/3362214/type/0	خرید	.
almond_translate/3362214/type/1	مناظر و چشم انداز	.
almond_translate/3362322/address/0	555 Hennessy Road Causeway Bay ، جزیره هنگ کنگ	.
almond_translate/3362322/name/0	مال سوگو (محل کاوز وای)	.
almond_translate/3362322/location/0	وان چی / خلیج کاوزوی	.
almond_translate/3362322/location/1	جزیره هنگ کنگ	.
almond_translate/3362322/type/0	خرید	.
almond_translate/3362329/address/0	انگی انگ جی لو 33هو جین دی تی انگی ژی زان	.
almond_translate/3362329/name/0	میدان دریایی	.
almond_translate/3362329/location/0	سرزمینهای نو	.
almond_translate/3362329/location/1	سینگ یو	.
almond_translate/3362329/location/2	کوای سینگ	.
almond_translate/3362329/type/0	خرید	.
almond_translate/3362366/address/0	شماره 193 خیابان پرنس ادوارد غربی	.
almond_translate/3362366/name/0	موکو	.
almond_translate/3362366/location/0	منگ کوک	.
almond_translate/3362366/location/1	کولوون	.
almond_translate/3362366/location/2	منطقه ی یا سیم مونگ	.
almond_translate/3362366/type/0	خرید	.
almond_translate/3362436/address/0	15 خیابان ملکه مرکزی	.
almond_translate/3362436/name/0	بنای هند	.
almond_translate/3362436/location/0	منطقه مرکزی	.
almond_translate/3362436/location/1	مرکزی	.
almond_translate/3362436/location/2	جزیره هنگ کنگ	.
almond_translate/3362436/type/0	خرید	.
almond_translate/3362436/type/1	مناظر و چشم انداز	.
almond_translate/3362583/address/0	۵۲-۵۹۲ ، جاده ی ناتان ، مونگکو	.
almond_translate/3362583/name/0	مرکز چین	.
almond_translate/3362583/location/0	منگ کوک	.
almond_translate/3362583/location/1	کولوون	.
almond_translate/3362583/location/2	منطقه ی یا سیم مونگ	.
almond_translate/3362583/type/0	خرید	.
almond_translate/3362610/address/0	شماره ۴۱۸ خیابان کانتون ، کانتون ، کولوون ، در سال ۵ میلادی	.
almond_translate/3362610/name/0	香港Apm	.
almond_translate/3362610/location/0	کوون تونگ	.
almond_translate/3362610/location/1	کولوون	.
almond_translate/3362610/location/2	منطقه کوون تونگ	.
almond_translate/3362610/type/0	خرید	.
almond_translate/3362678/address/0	شماره دو خیابان لی وینگ ، سویۀ افق ، اپ لی Chau ، جزیره هنگ کنگ	.
almond_translate/3362678/name/0	پلازا افقی	.
almond_translate/3362678/location/0	افقی جنوبی	.
almond_translate/3362678/location/1	جزیره هنگ کنگ	.
almond_translate/3362678/location/2	منطقه جنوبی	.
almond_translate/3362678/type/0	خرید	.
almond_translate/3362740/address/0	پلازای شهر جدید ۳ ، خیابان مرکز شاتین ، شاتین	.
almond_translate/3362740/name/0	سوپرمارکت و فروشگاه ایاتا (شا تین)	.
almond_translate/3362740/location/0	سرزمینهای نو	.
almond_translate/3362740/location/1	شا تین	.
almond_translate/3362740/type/0	خرید	.
almond_translate/3362749/address/0	شماره ۳۹ خیابان لونگ سوم ، شینگ شوی	.
almond_translate/3362749/name/0	نقطه ی چشمگیر شمال	.
almond_translate/3362749/location/0	سرزمینهای نو	.
almond_translate/3362749/location/1	منطقه شمالی	.
almond_translate/3362749/type/0	خرید	.
almond_translate/3362766/address/0	شماره ۲۸۰ ، جاده ی گلستر ، خلیج کاوز وای	.
almond_translate/3362766/name/0	مرکز تجارت جهانی (محل کاوزوی)	.
almond_translate/3362766/location/0	وان چی / خلیج کاوزوی	.
almond_translate/3362766/location/1	جزیره هنگ کنگ	.
almond_translate/3362766/type/0	خرید	.
almond_translate/3362784/address/0	شماره ۱-۲ ، لانگهام پلیز ، خیابان پورتلند ، مونگاک	.
almond_translate/3362784/name/0	مرکز خرید سیوب (محوطه لانگهام در شهرمونکوک)	.
almond_translate/3362784/location/0	منگ کوک	.
almond_translate/3362784/location/1	کولوون	.
almond_translate/3362784/location/2	منطقه ی یا سیم مونگ	.
almond_translate/3362784/type/0	خرید	.
almond_translate/3362853/address/0	۲۳ کارمل Road	.
almond_translate/3362853/name/0	استنلی پلازا	.
almond_translate/3362853/location/0	استنلی	.
almond_translate/3362853/location/1	جزیره هنگ کنگ	.
almond_translate/3362853/location/2	منطقه جنوبی	.
almond_translate/3362853/type/0	خرید	.
almond_translate/3362857/address/0	4-30 خیابان تای پا ، تُن وان (محیطۀ نو)	.
almond_translate/3362857/name/0	پلازا "" سون وان ""	.
almond_translate/3362857/location/0	سرزمینهای نو	.
almond_translate/3362857/location/1	تسو آن وان	.
almond_translate/3362857/type/0	خرید	.
almond_translate/3362858/address/0	۳۷ کیلومتر خیابان ین شو ، شیم شوی پو ، کولوون	.
almond_translate/3362858/name/0	مرکز اژدگان	.
almond_translate/3362858/location/0	منطقه شان شوی پو	.
almond_translate/3362858/location/1	کولوون	.
almond_translate/3362858/type/0	خرید	.
almond_translate/3362859/address/0	شماره دو خیابان تایلان لونگ ، تایلان مان	.
almond_translate/3362859/name/0	پلازای رجحان توین مان	.
almond_translate/3362859/location/0	سرزمینهای نو	.
almond_translate/3362859/location/1	توین مان	.
almond_translate/3362859/type/0	خرید	.
almond_translate/3362987/address/0	شماره ۳۳ خیابان هایسان و شماره ۲۸ خیابان یون پینگ ، خلیج کاوز وای	.
almond_translate/3362987/name/0	لی گاردن یک تا شش	.
almond_translate/3362987/location/0	وان چی / خلیج کاوزوی	.
almond_translate/3362987/location/1	جزیره هنگ کنگ	.
almond_translate/3362987/type/0	خرید	.
almond_translate/3363129/address/0	189 دِس وُو رید سنترال	.
almond_translate/3363129/name/0	فروشگاه محترمانه (مرکزی)	.
almond_translate/3363129/location/0	شونگ وان	.
almond_translate/3363129/location/1	منطقه مرکزی	.
almond_translate/3363129/location/2	جزیره هنگ کنگ	.
almond_translate/3363129/type/0	خرید	.
almond_translate/3363131/address/0	شین شوای ب کوین شو جی ۳۷ کیلو هئو سی جی لونگ زونگ سی ۹۱-۱-۱ شی	.
almond_translate/3363131/name/0	فروشگاه محترمانه (شام شوی پو)	.
almond_translate/3363131/location/0	منطقه شان شوی پو	.
almond_translate/3363131/location/1	کولوون	.
almond_translate/3363131/type/0	خرید	.
almond_translate/3363155/address/0	211 دِس وُوِوِوِوِوِوِوِوِوِوِوِوِوِوِوِوِوِوِوِوِوِوِوِوِوِوِوِوِوِوِوِوِوِوِوِوِوِوِوِوِوِوِوِوِوِوِوِوِوِوِوِوِوِوِوِوِوِوِوِوِوِوِوِوِوِوِوِوِوِوِو	.
almond_translate/3363155/name/0	بال در فروشگاه (جمعيت شان وان)	.
almond_translate/3363155/location/0	شونگ وان	.
almond_translate/3363155/location/1	منطقه مرکزی	.
almond_translate/3363155/location/2	جزیره هنگ کنگ	.
almond_translate/3363155/type/0	خرید	.
almond_translate/3363166/address/0	ونگ آن پلازا ، ۶۲ مادی سړک ، تیم شا تی شرق	.
almond_translate/3363166/name/0	ونگ در فروشگاه (سه شا تی شرق)	.
almond_translate/3363166/location/0	تیم شا تی	.
almond_translate/3363166/location/1	کولوون	.
almond_translate/3363166/location/2	منطقه ی یا سیم مونگ	.
almond_translate/3363166/type/0	خرید	.
almond_translate/3363230/address/0	چین دو 249-251 هاو	.
almond_translate/3363230/name/0	پلازای یوین لانگ	.
almond_translate/3363230/location/0	سرزمینهای نو	.
almond_translate/3363230/location/1	یوین لانگ	.
almond_translate/3363230/type/0	خرید	.
almond_translate/3363411/address/0	خیابان وی ایپ ، کولوون بی ، ۳۳	.
almond_translate/3363411/name/0	پلزا تلفورد	.
almond_translate/3363411/location/0	خلیج کووان	.
almond_translate/3363411/location/1	کولوون	.
almond_translate/3363411/location/2	منطقه کوون تونگ	.
almond_translate/3363411/type/0	خرید	.
almond_translate/3363445/address/0	395 King's Road, North Point, Hong Kong	.
almond_translate/3363445/name/0	مرکز کالاهای چینی	.
almond_translate/3363445/location/0	نقطه ی شمالی	.
almond_translate/3363445/location/1	جزیره هنگ کنگ	.
almond_translate/3363445/location/2	منطقه شرقی	.
almond_translate/3363445/location/3	تپه قلعه	.
almond_translate/3363445/type/0	خرید	.
almond_translate/3363449/address/0	شماره ٦۸ ، خیابان چونگ آن ، سون وان	.
almond_translate/3363449/name/0	کوور تُن وان	.
almond_translate/3363449/location/0	سرزمینهای نو	.
almond_translate/3363449/location/1	تسو آن وان	.
almond_translate/3363449/type/0	خرید	.
almond_translate/3363477/address/0	مکان اصلی ، 15 خیابان ملکه مرکزی	.
almond_translate/3363477/name/0	فروشگاه هاروی نیکلز (مرکز)	.
almond_translate/3363477/location/0	منطقه مرکزی	.
almond_translate/3363477/location/1	مرکزی	.
almond_translate/3363477/location/2	جزیره هنگ کنگ	.
almond_translate/3363477/type/0	خرید	.
almond_translate/3363894/address/0	345 ناتان سړک	.
almond_translate/3363894/name/0	جناح فروشگاه (Jordan)	.
almond_translate/3363894/location/0	کولوون	.
almond_translate/3363894/location/1	منطقه ی یا سیم مونگ	.
almond_translate/3363894/location/2	اردن / یا ما تی	.
almond_translate/3363894/type/0	خرید	.
almond_translate/3381596/address/0	۱۰۰ ناتان سړک	.
almond_translate/3381596/name/0	آن یک	.
almond_translate/3381596/location/0	تیم شا تی	.
almond_translate/3381596/location/1	کولوون	.
almond_translate/3381596/location/2	منطقه ی یا سیم مونگ	.
almond_translate/3381596/type/0	خرید	.
almond_translate/3396450/address/0	جاده ی تیم کونگ	.
almond_translate/3396450/name/0	معبد تام کونگ	.
almond_translate/3396450/location/0	یک کونگ ننگ	.
almond_translate/3396450/location/1	منطقه شرقی	.
almond_translate/3396450/location/2	جزیره هنگ کنگ	.
almond_translate/3396450/type/0	مناظر و چشم انداز	.
almond_translate/3417522/address/0	۵۰۰ خیابان Hennessy	.
almond_translate/3417522/name/0	پارک هایسان	.
almond_translate/3417522/location/0	وان چی / خلیج کاوزوی	.
almond_translate/3417522/location/1	جزیره هنگ کنگ	.
almond_translate/3417522/type/0	خرید	.
almond_translate/3459838/address/0	شماره ۳۰ جاده ی کانتون	.
almond_translate/3459838/name/0	نخ نقره ای	.
almond_translate/3459838/location/0	تیم شا تی	.
almond_translate/3459838/location/1	کولوون	.
almond_translate/3459838/location/2	منطقه ی یا سیم مونگ	.
almond_translate/3459838/type/0	خرید	.
almond_translate/3459846/address/0	لی یومون ، ایستگاه یئو تونگ	.
almond_translate/3459846/name/0	روستای سام کا	.
almond_translate/3459846/location/0	منطقه شرقی	.
almond_translate/3459846/location/1	جزیره هنگ کنگ	.
almond_translate/3459846/location/2	لی کینگ وان	.
almond_translate/3459846/type/0	مناظر و چشم انداز	.
almond_translate/3641963/address/0	شماره یک مغازه ی جاده ی کارناورن شماره ۲۵ ، طبقه ی G / F ، استوایی میدار	.
almond_translate/3641963/name/0	L&K سفارشی با رنگ	.
almond_translate/3641963/location/0	تیم شا تی	.
almond_translate/3641963/location/1	کولوون	.
almond_translate/3641963/location/2	منطقه ی یا سیم مونگ	.
almond_translate/3641963/type/0	دیگر	.
almond_translate/3749670/address/0	2 /F ، میدان دریایی ، شرق کامرسی سیاه	.
almond_translate/3749670/name/0	فروشگاه پرادا (فضا)	.
almond_translate/3749670/location/0	افقی جنوبی	.
almond_translate/3749670/location/1	جزیره هنگ کنگ	.
almond_translate/3749670/location/2	منطقه جنوبی	.
almond_translate/3749670/type/0	خرید	.
almond_translate/3945363/address/0	شماره ۱۰۲ ابردین پرایا	.
almond_translate/3945363/name/0	بازار جیو هانگ کنگ	.
almond_translate/3945363/location/0	جزیره هنگ کنگ	.
almond_translate/3945363/location/1	منطقه جنوبی	.
almond_translate/3945363/location/2	وانگ چوک هانگ	.
almond_translate/3945363/type/0	خرید	.
almond_translate/4174558/address/0	مسیر ترم وی شماره یک	.
almond_translate/4174558/name/0	مرکز بازدید کننده WWF	.
almond_translate/4174558/location/0	منطقه مرکزی	.
almond_translate/4174558/location/1	مرکزی	.
almond_translate/4174558/location/2	جزیره هنگ کنگ	.
almond_translate/4174558/type/0	منابع مسافر	.
almond_translate/4178446/address/0	55م طبقه ، دو مرکز مالی بین المللی	.
almond_translate/4178446/name/0	مقامات مالی هنگ کنگ	.
almond_translate/4178446/location/0	منطقه مرکزی	.
almond_translate/4178446/location/1	مرکزی	.
almond_translate/4178446/location/2	جزیره هنگ کنگ	.
almond_translate/4178446/type/0	مناظر و چشم انداز	.
almond_translate/4192096/address/0	۳۶ ناتان سړک سیم شا تی	.
almond_translate/4192096/name/0	مرکز خرید Cke	.
almond_translate/4192096/location/0	تیم شا تی	.
almond_translate/4192096/location/1	کولوون	.
almond_translate/4192096/location/2	منطقه ی یا سیم مونگ	.
almond_translate/4192096/type/0	خرید	.
almond_translate/4354590/address/0	پارک هنگ کنگ ، منطقه مرکزی	.
almond_translate/4354590/name/0	ادوارد یود آیویری	.
almond_translate/4354590/location/0	منطقه مرکزی	.
almond_translate/4354590/location/1	مرکزی	.
almond_translate/4354590/location/2	جزیره هنگ کنگ	.
almond_translate/4354590/type/0	طبیعت و پارکها	.
almond_translate/4354591/address/0	پارک هنگ کنگ ، منطقه مرکزی منطقه مرکزی	.
almond_translate/4354591/name/0	موزه فورس گیت	.
almond_translate/4354591/location/0	منطقه مرکزی	.
almond_translate/4354591/location/1	مرکزی	.
almond_translate/4354591/location/2	جزیره هنگ کنگ	.
almond_translate/4354591/type/0	طبیعت و پارکها	.
almond_translate/4402175/address/0	خیابان بازار گل ، منگ کوک	.
almond_translate/4402175/name/0	استادیوم مونگ کوک	.
almond_translate/4402175/location/0	منگ کوک	.
almond_translate/4402175/location/1	کولوون	.
almond_translate/4402175/location/2	منطقه ی یا سیم مونگ	.
almond_translate/4402175/type/0	بازی های سرگرم کننده	.
almond_translate/4479153/address/0	233 خیابان چای وان	.
almond_translate/4479153/name/0	یک آرکاد جدید خرید جید	.
almond_translate/4479153/location/0	منطقه شرقی	.
almond_translate/4479153/location/1	جزیره هنگ کنگ	.
almond_translate/4479153/type/0	خرید	.
almond_translate/4479155/address/0	750 ناتان سړک ، منگ کوک	.
almond_translate/4479155/name/0	مرکز خرید پیونر	.
almond_translate/4479155/location/0	منگ کوک	.
almond_translate/4479155/location/1	کولوون	.
almond_translate/4479155/location/2	منطقه ی یا سیم مونگ	.
almond_translate/4479155/type/0	خرید	.
almond_translate/4479376/address/0	پلازای طلایی چینچیم ، 77 ، جاده ی مُدی تیم شا تی ای ، کولوون	.
almond_translate/4479376/name/0	گالری T توسط DFS ، Hong Kong ، Tsim Sha Tsui East	.
almond_translate/4479376/location/0	تیم شا تی	.
almond_translate/4479376/location/1	کولوون	.
almond_translate/4479376/location/2	منطقه ی یا سیم مونگ	.
almond_translate/4479376/type/0	خرید	.
almond_translate/4492173/address/0	شماره ۹ خیابان تونگ این ، تزینگ کاوان او ، Territorys New Territories	.
almond_translate/4492173/name/0	پاپ کور	.
almond_translate/4492173/location/0	سرزمینهای نو	.
almond_translate/4492173/location/1	سای کونگ	.
almond_translate/4492173/location/2	تسانگ کوان او	.
almond_translate/4492173/type/0	خرید	.
almond_translate/4492536/address/0	1 ساختمان ترمينال مسافر ، فرودگاه بین المللی هنگ کنگ	.
almond_translate/4492536/name/0	بخش خرید ساختمان شماره یک ایستگاه مسافر	.
almond_translate/4492536/location/0	سرزمینهای نو	.
almond_translate/4492536/location/1	منطقه جزایر	.
almond_translate/4492536/location/2	تونگ چینگ	.
almond_translate/4492536/type/0	خرید	.
almond_translate/4492570/address/0	۴۸ خیابان ملکه مرکزی	.
almond_translate/4492570/name/0	مانینگ هاوس خرید Mall	.
almond_translate/4492570/location/0	منطقه مرکزی	.
almond_translate/4492570/location/1	مرکزی	.
almond_translate/4492570/location/2	جزیره هنگ کنگ	.
almond_translate/4492570/type/0	خرید	.
almond_translate/4496187/address/0	شماره ۱۰ ، خیابان چتر ، مرکز	.
almond_translate/4496187/name/0	شاهزاده های برجسته	.
almond_translate/4496187/location/0	منطقه مرکزی	.
almond_translate/4496187/location/1	مرکزی	.
almond_translate/4496187/location/2	جزیره هنگ کنگ	.
almond_translate/4496187/type/0	خرید	.
almond_translate/4496187/type/1	مناظر و چشم انداز	.
almond_translate/4496394/address/0	شماره ۱۶۸- ۲۰۰ خیابان کانات مرکزی ، شینگ وان	.
almond_translate/4496394/name/0	مرکز خرید شان تاک	.
almond_translate/4496394/location/0	شونگ وان	.
almond_translate/4496394/location/1	منطقه مرکزی	.
almond_translate/4496394/location/2	جزیره هنگ کنگ	.
almond_translate/4496394/type/0	خرید	.
almond_translate/4496405/address/0	28 Canton Road, Tsim Sha Tsui	.
almond_translate/4496405/name/0	« آکادمیک خورشید »	.
almond_translate/4496405/location/0	تیم شا تی	.
almond_translate/4496405/location/1	کولوون	.
almond_translate/4496405/location/2	منطقه ی یا سیم مونگ	.
almond_translate/4496405/type/0	خرید	.
almond_translate/4496443/address/0	خیابان چتر ۱۸	.
almond_translate/4496443/name/0	چشم انداز آلکساندرا	.
almond_translate/4496443/location/0	منطقه مرکزی	.
almond_translate/4496443/location/1	مرکزی	.
almond_translate/4496443/location/2	جزیره هنگ کنگ	.
almond_translate/4496443/type/0	خرید	.
almond_translate/4520522/address/0	۱۳۰ خیابان Hennessy ، وَنچی	.
almond_translate/4520522/name/0	مرکز کامپیوتر وَنچی	.
almond_translate/4520522/location/0	وان چی / خلیج کاوزوی	.
almond_translate/4520522/location/1	جزیره هنگ کنگ	.
almond_translate/4520522/location/2	زمین بازی جنوبی	.
almond_translate/4520522/type/0	خرید	.
almond_translate/4540983/address/0	280 ، جاده ی گلستر ، خلیج کاسموایی	.
almond_translate/4540983/name/0	WTC More (مرکز تجارت جهانی)	.
almond_translate/4540983/location/0	وان چی / خلیج کاوزوی	.
almond_translate/4540983/location/1	جزیره هنگ کنگ	.
almond_translate/4540983/type/0	خرید	.
almond_translate/4541152/address/0	پلنگ خیابان سای لاوک ، سن وان	.
almond_translate/4541152/name/0	مرکز خرید « تیون فانگ »	.
almond_translate/4541152/location/0	سرزمینهای نو	.
almond_translate/4541152/location/1	تسو آن وان	.
almond_translate/4541152/type/0	خرید	.
almond_translate/4555337/address/0	۹ ناون رود ، تای پو ، Terries نو	.
almond_translate/4555337/name/0	پلازای اپتاون	.
almond_translate/4555337/location/0	سرزمینهای نو	.
almond_translate/4555337/location/1	تای پو	.
almond_translate/4555337/type/0	خرید	.
almond_translate/4555355/address/0	128 جاده کارپنتر ، شهر کولوون	.
almond_translate/4555355/name/0	پلازای شهر کولوون	.
almond_translate/4555355/location/0	منطقه شهر کولوون	.
almond_translate/4555355/location/1	کولوون	.
almond_translate/4555355/type/0	خرید	.
almond_translate/4555370/address/0	خیابان ان شن ، شاتین ، Terries New Territories	.
almond_translate/4555370/name/0	شهر خوشبختی شماره یک	.
almond_translate/4555370/location/0	سرزمینهای نو	.
almond_translate/4555370/location/1	شا تین	.
almond_translate/4555370/type/0	خرید	.
almond_translate/4680239/address/0	1 سرکت ایستگاه شاتین ، شاتین ، نوتر	.
almond_translate/4680239/name/0	پلازا سیتی لایک	.
almond_translate/4680239/location/0	سرزمینهای نو	.
almond_translate/4680239/location/1	شا تین	.
almond_translate/4680239/type/0	خرید	.
almond_translate/4699752/address/0	۸۳ تای آن مان هنگ سی ووی ، تای آن مان	.
almond_translate/4699752/name/0	شهر وی	.
almond_translate/4699752/location/0	سرزمینهای نو	.
almond_translate/4699752/location/1	توین مان	.
almond_translate/4699752/type/0	خرید	.
almond_translate/4886858/address/0	تقاطع جاده و جاده تانگ تو تان ، شهر کولوون ، کولوون	.
almond_translate/4886858/name/0	معبد هو وانگ	.
almond_translate/4886858/location/0	منطقه شهر کولوون	.
almond_translate/4886858/location/1	کوولون تونگ	.
almond_translate/4886858/location/2	کولوون	.
almond_translate/4886858/type/0	مناظر و چشم انداز	.
almond_translate/5040013/address/0	خیابان آستین غربی شماره 1	.
almond_translate/5040013/name/0	مرکز تجارت بین المللی	.
almond_translate/5040013/location/0	کولوون	.
almond_translate/5040013/location/1	منطقه ی یا سیم مونگ	.
almond_translate/5040013/type/0	خرید	.
almond_translate/5040013/type/1	مناظر و چشم انداز	.
almond_translate/5116872/address/0	خیابان هایپنگونگ ، تیم شا تی ، کولوون	.
almond_translate/5116872/name/0	مرکز کشف میراث هانگ کنگ	.
almond_translate/5116872/location/0	تیم شا تی	.
almond_translate/5116872/location/1	کولوون	.
almond_translate/5116872/location/2	منطقه ی یا سیم مونگ	.
almond_translate/5116872/type/0	موزه ها	.
almond_translate/5116873/address/0	۶۶ جاده ی خیابونی	.
almond_translate/5116873/name/0	کتابخانه مرکزی هنگ کنگ	.
almond_translate/5116873/location/0	پارک ویکتوریا	.
almond_translate/5116873/location/1	جزیره هنگ کنگ	.
almond_translate/5116873/type/0	موزه ها	.
almond_translate/5498037/address/0	مغازه شماره 5-7 ، طبقه دو ، گالری قله ، شماره 118 خیابان قله	.
almond_translate/5498037/name/0	موزه ایستگاه متروی هنگ کنگ	.
almond_translate/5498037/location/0	قله	.
almond_translate/5498037/location/1	منطقه مرکزی	.
almond_translate/5498037/location/2	جزیره هنگ کنگ	.
almond_translate/5498037/type/0	موزه ها	.
almond_translate/5951580/address/0	شماره ۳۰ خیابان پک تین ، شیک کیپ می	.
almond_translate/5951580/name/0	مرکز هنرهای خلاق کلوپ جوکی (JCCAC)	.
almond_translate/5951580/location/0	منطقه شان شوی پو	.
almond_translate/5951580/location/1	کولوون	.
almond_translate/5951580/type/0	خرید	.
almond_translate/5951580/type/1	موزه ها	.
almond_translate/5960766/address/0	خیابان نفت ۱۲	.
almond_translate/5960766/name/0	اوی!	.
almond_translate/5960766/location/0	نقطه ی شمالی	.
almond_translate/5960766/location/1	جزیره هنگ کنگ	.
almond_translate/5960766/location/2	منطقه شرقی	.
almond_translate/5960766/location/3	باغ شهر	.
almond_translate/5960766/type/0	خرید	.
almond_translate/5960766/type/1	موزه ها	.
almond_translate/5960770/address/0	پارک کوری بی	.
almond_translate/5960770/name/0	படک آتش نشانی الکساندر گرانتهام گالری نمایشی	.
almond_translate/5960770/location/0	منطقه شرقی	.
almond_translate/5960770/location/1	تای کو شن شرق	.
almond_translate/5960770/location/2	جزیره هنگ کنگ	.
almond_translate/5960770/type/0	موزه ها	.
almond_translate/6222865/address/0	سای کونگ	.
almond_translate/6222865/name/0	تیم چای	.
almond_translate/6222865/location/0	سرزمینهای نو	.
almond_translate/6222865/location/1	سای کونگ	.
almond_translate/6222865/type/0	مناظر و چشم انداز	.
almond_translate/6384098/address/0	۹ دایره عدالت ، Admiralty	.
almond_translate/6384098/name/0	انجمن آسیای مرکز هنگ کنگ	.
almond_translate/6384098/location/0	جزیره هنگ کنگ	.
almond_translate/6384098/location/1	تای فات هاو	.
almond_translate/6384098/type/0	خرید	.
almond_translate/6384098/type/1	موزه ها	.
almond_translate/6394458/address/0	شماره دو ، خیابان بندری ، وَنچی	.
almond_translate/6394458/name/0	مرکز هنرهای هنگ کنگ	.
almond_translate/6394458/location/0	وان چی / خلیج کاوزوی	.
almond_translate/6394458/location/1	جزیره هنگ کنگ	.
almond_translate/6394458/location/2	زمین بازی جنوبی	.
almond_translate/6394458/type/0	مناظر و چشم انداز	.
almond_translate/6402576/address/0	شماره یک خیابان گانگ جینگ ، مرکز	.
almond_translate/6402576/name/0	ایستگاه هانگ کنگ	.
almond_translate/6402576/location/0	منطقه مرکزی	.
almond_translate/6402576/location/1	مرکزی	.
almond_translate/6402576/location/2	جزیره هنگ کنگ	.
almond_translate/6402576/type/0	حمل و نقل	.
almond_translate/6439626/address/0	2B ، Yan King Court ، 119-121 Queen's Road East ، Wanchai	.
almond_translate/6439626/name/0	استودیو Choco L'ART	.
almond_translate/6439626/location/0	منطقه مرکزی	.
almond_translate/6439626/location/1	مرکزی	.
almond_translate/6439626/location/2	جزیره هنگ کنگ	.
almond_translate/6439626/type/0	خرید	.
almond_translate/6439626/type/1	موزه ها	.
almond_translate/6535749/address/0	30 لاستیک بالا سُن وان	.
almond_translate/6535749/name/0	اتاق کابوس	.
almond_translate/6535749/location/0	شونگ وان	.
almond_translate/6535749/location/1	منطقه مرکزی	.
almond_translate/6535749/location/2	جزیره هنگ کنگ	.
almond_translate/6535749/type/0	مناظر و چشم انداز	.
almond_translate/6562448/address/0	۱۵۰ جاده ی فنگ یوین	.
almond_translate/6562448/name/0	محمۀ پروانه فنگ یوین	.
almond_translate/6562448/location/0	سرزمینهای نو	.
almond_translate/6562448/location/1	تای پو	.
almond_translate/6562448/type/0	طبیعت و پارکها	.
almond_translate/6873090/address/0	پارک کولوون ، شماره ۲۲ ، جاده آستین	.
almond_translate/6873090/name/0	خیابان ستاره های کمیک هنگ کنگ	.
almond_translate/6873090/location/0	تیم شا تی	.
almond_translate/6873090/location/1	کولوون	.
almond_translate/6873090/location/2	منطقه ی یا سیم مونگ	.
almond_translate/6873090/type/0	موزه ها	.
almond_translate/6881392/address/0	شماره ۵ Sok Kwu Wan اول خیابان ، جزیره لامپا Raft ماهی ، Sok Kwu Wan ، جزیره لامپا	.
almond_translate/6881392/name/0	روستای لامما فیشرفوک	.
almond_translate/6881392/location/0	سرزمینهای نو	.
almond_translate/6881392/location/1	منطقه جزایر	.
almond_translate/6881392/location/2	جزیره لامپا	.
almond_translate/6881392/type/0	مناظر و چشم انداز	.
almond_translate/7022741/address/0	شماره ۱۱ تای تونگ شان سړک یوین لانگ	.
almond_translate/7022741/name/0	پارک زیستی تایتون	.
almond_translate/7022741/location/0	سرزمینهای نو	.
almond_translate/7022741/location/1	یوین لانگ	.
almond_translate/7022741/type/0	مناظر و چشم انداز	.
almond_translate/7022746/address/0	شماره 63) جاده ما تاو کوک ، کولوون	.
almond_translate/7022746/name/0	روستای هنرمند انبار دام	.
almond_translate/7022746/location/0	منطقه شهر کولوون	.
almond_translate/7022746/location/1	کولوون	.
almond_translate/7022746/type/0	مناظر و چشم انداز	.
almond_translate/7022751/address/0	شماره ۷۱ ، جاده ی خلیج آبی نو ، کوون تونگ	.
almond_translate/7022751/name/0	پارک دره اردن	.
almond_translate/7022751/location/0	کولوون	.
almond_translate/7022751/location/1	منطقه کوون تونگ	.
almond_translate/7022751/type/0	طبیعت و پارکها	.
almond_translate/7028983/address/0	۱۲ خیابان پله ۷ /F ساختمان پله	.
almond_translate/7028983/name/0	گالری گاگوسی	.
almond_translate/7028983/location/0	منطقه مرکزی	.
almond_translate/7028983/location/1	مرکزی	.
almond_translate/7028983/location/2	جزیره هنگ کنگ	.
almond_translate/7028983/type/0	مناظر و چشم انداز	.
almond_translate/7146398/address/0	شماره ٦۶ پک وو سړک ، فَنَلینگ	.
almond_translate/7146398/name/0	فنگ این شن کوون	.
almond_translate/7146398/location/0	سرزمینهای نو	.
almond_translate/7146398/location/1	منطقه شمالی	.
almond_translate/7146398/type/0	مناظر و چشم انداز	.
almond_translate/7149796/address/0	16 سنت نو شرقی	.
almond_translate/7149796/name/0	پارک یادبود سان ات سین	.
almond_translate/7149796/location/0	منطقه مرکزی	.
almond_translate/7149796/location/1	جزیره هنگ کنگ	.
almond_translate/7149796/type/0	طبیعت و پارکها	.
almond_translate/7317246/address/0	خیابان دانشگاه ، شا تین	.
almond_translate/7317246/name/0	دانشگاه چینی هانگ کنگ	.
almond_translate/7317246/location/0	سرزمینهای نو	.
almond_translate/7317246/location/1	شا تین	.
almond_translate/7317246/type/0	مناظر و چشم انداز	.
almond_translate/7390705/address/0	تسو آن وان	.
almond_translate/7390705/name/0	مُناستوری غربی	.
almond_translate/7390705/location/0	سرزمینهای نو	.
almond_translate/7390705/location/1	تسو آن وان	.
almond_translate/7390705/type/0	مناظر و چشم انداز	.
almond_translate/7629553/address/0	شماره ۱۱۸ ، خیابان پیک ۳ / ف ، گالری پیک	.
almond_translate/7629553/name/0	موزه چشم های حقه ای هانگ کنگ	.
almond_translate/7629553/location/0	قله	.
almond_translate/7629553/location/1	منطقه مرکزی	.
almond_translate/7629553/location/2	جزیره هنگ کنگ	.
almond_translate/7629553/type/0	موزه ها	.
almond_translate/7629553/type/1	پارک های آبی و تفریحی	.
almond_translate/7810755/address/0	خیابان هارکورت ، Admiralty	.
almond_translate/7810755/name/0	پارک تامار	.
almond_translate/7810755/location/0	منطقه مرکزی	.
almond_translate/7810755/location/1	جزیره هنگ کنگ	.
almond_translate/7810755/type/0	طبیعت و پارکها	.
almond_translate/7812487/address/0	شماره ۲۸ تای پینگ شان ، شینگ وان	.
almond_translate/7812487/name/0	AP معاصر	.
almond_translate/7812487/location/0	شونگ وان	.
almond_translate/7812487/location/1	منطقه مرکزی	.
almond_translate/7812487/location/2	جزیره هنگ کنگ	.
almond_translate/7812487/type/0	خرید	.
almond_translate/7812487/type/1	موزه ها	.
almond_translate/7892357/address/0	27 فروشگاه خیابان بیلی شماره 6 ، طبقه بالا ، خانه طلوع	.
almond_translate/7892357/name/0	پارکوی آرت هنگ کنگ	.
almond_translate/7892357/location/0	منطقه مرکزی	.
almond_translate/7892357/location/1	مرکزی	.
almond_translate/7892357/location/2	جزیره هنگ کنگ	.
almond_translate/7892357/type/0	خرید	.
almond_translate/7892357/type/1	موزه ها	.
almond_translate/8036157/address/0	انگ پینگ ، جزیره لاتاناو ، جزایر کناری	.
almond_translate/8036157/name/0	راه خرد	.
almond_translate/8036157/location/0	سرزمینهای نو	.
almond_translate/8036157/location/1	منطقه جزایر	.
almond_translate/8036157/location/2	لندтау	.
almond_translate/8036157/type/0	مناظر و چشم انداز	.
almond_translate/8046810/address/0	شماره ۱۳۸ خیابان ناتان ، تیم شا تی ، کولوون	.
almond_translate/8046810/name/0	کلیسای سنت اندرو	.
almond_translate/8046810/location/0	تیم شا تی	.
almond_translate/8046810/location/1	کولوون	.
almond_translate/8046810/location/2	منطقه ی یا سیم مونگ	.
almond_translate/8046810/type/0	مناظر و چشم انداز	.
almond_translate/8051405/address/0	۸۰۰ قلعه پیک سړک ، لای چی کوک	.
almond_translate/8051405/name/0	آکادمی ژئو سانگ-ئی	.
almond_translate/8051405/location/0	منطقه شان شوی پو	.
almond_translate/8051405/location/1	کولوون	.
almond_translate/8051405/type/0	خرید	.
almond_translate/8051405/type/1	موزه ها	.
almond_translate/8052178/address/0	30 ، خیابان هایپنگونگ ، تیم شا تی	.
almond_translate/8052178/name/0	بازار موقتی جاده هایپوهنگ	.
almond_translate/8052178/location/0	تیم شا تی	.
almond_translate/8052178/location/1	کولوون	.
almond_translate/8052178/location/2	منطقه ی یا سیم مونگ	.
almond_translate/8052178/type/0	خرید	.
almond_translate/8052178/type/1	غذا و نوشیدنی	.
almond_translate/8380142/address/0	شماره ۲۰ جاده ی ناتان ، تیم شا تی	.
almond_translate/8380142/name/0	فروشگاه سوگو (سامشا تی)	.
almond_translate/8380142/location/0	تیم شا تی	.
almond_translate/8380142/location/1	کولوون	.
almond_translate/8380142/location/2	منطقه ی یا سیم مونگ	.
almond_translate/8380142/type/0	خرید	.
almond_translate/8498377/address/0	4 /F ، برج SML ، شماره 165 ، جاده هوی بان کوون تونگ ، کولوون	.
almond_translate/8498377/name/0	موزه خورشید	.
almond_translate/8498377/location/0	کوون تونگ	.
almond_translate/8498377/location/1	کولوون	.
almond_translate/8498377/location/2	منطقه کوون تونگ	.
almond_translate/8498377/type/0	موزه ها	.
almond_translate/8514104/address/0	شماره ५२ خیابان ویندم	.
almond_translate/8514104/name/0	گالری اپرا هنگ کنگ	.
almond_translate/8514104/location/0	منطقه مرکزی	.
almond_translate/8514104/location/1	مرکزی	.
almond_translate/8514104/location/2	جزیره هنگ کنگ	.
almond_translate/8514104/type/0	خرید	.
almond_translate/8514104/type/1	موزه ها	.
almond_translate/8705162/address/0	۸ / ۹ لونگ ات سړک و ۹ خیابان یوین لونگ ، یوین لونگ ، Terries	.
almond_translate/8705162/name/0	فروشگاه YOHO	.
almond_translate/8705162/location/0	سرزمینهای نو	.
almond_translate/8705162/location/1	یوین لانگ	.
almond_translate/8705162/type/0	خرید	.
almond_translate/8705196/address/0	خروجی مرکزی ام تی آر کی	.
almond_translate/8705196/name/0	تور با راهنمایی تند ترم پیک	.
almond_translate/8705196/location/0	قله	.
almond_translate/8705196/location/1	منطقه مرکزی	.
almond_translate/8705196/location/2	جزیره هنگ کنگ	.
almond_translate/8705196/type/0	تور	.
almond_translate/8820252/address/0	پارک ویکتوریا خیابان هنگ فات 1	.
almond_translate/8820252/name/0	پارک ویکتوریا هنگ کنگ ماه نو (مسابقه ی گل)	.
almond_translate/8820252/location/0	وان چی / خلیج کاوزوی	.
almond_translate/8820252/location/1	پارک ویکتوریا	.
almond_translate/8820252/location/2	جزیره هنگ کنگ	.
almond_translate/8820252/type/0	رویدادها	.
almond_translate/8820310/address/0	در اطراف بندر ویکتوریا	.
almond_translate/8820310/name/0	شمارش سال نو هنگ کنگ	.
almond_translate/8820310/location/0	کولوون	.
almond_translate/8820310/location/1	منطقه ی یا سیم مونگ	.
almond_translate/8820310/type/0	رویدادها	.
almond_translate/8820313/address/0	1 دایره اکسپو ، مرکز کنوانسیون و نمایشگاه وَن چی ، سالن 1	.
almond_translate/8820313/name/0	کنوانسیون Ani-Com & Games	.
almond_translate/8820313/location/0	وان چی / خلیج کاوزوی	.
almond_translate/8820313/location/1	جزیره هنگ کنگ	.
almond_translate/8820313/location/2	زمین بازی جنوبی	.
almond_translate/8820313/type/0	رویدادها	.
almond_translate/9456955/address/0	شماره 1811-199 ، خیابان هولیوود شینگ وان	.
almond_translate/9456955/name/0	موزه ی "" لانگ ای ""	.
almond_translate/9456955/location/0	شونگ وان	.
almond_translate/9456955/location/1	منطقه مرکزی	.
almond_translate/9456955/location/2	جزیره هنگ کنگ	.
almond_translate/9456955/type/0	موزه ها	.
almond_translate/9721565/address/0	شماره یک جاده ی یوین وو ، شا تین ، نوترانه	.
almond_translate/9721565/name/0	میدان هنر شهر	.
almond_translate/9721565/location/0	سرزمینهای نو	.
almond_translate/9721565/location/1	شا تین	.
almond_translate/9721565/type/0	طبیعت و پارکها	.
almond_translate/9748654/address/0	مسیر سنگی نواه	.
almond_translate/9748654/name/0	خانه آبی	.
almond_translate/9748654/location/0	جزیره هنگ کنگ	.
almond_translate/9748654/location/1	خیابان Hennessy	.
almond_translate/9748654/type/0	مناظر و چشم انداز	.
almond_translate/9996702/address/0	تیم شا تی شرق حوضچه کنار آب	.
almond_translate/9996702/name/0	باغ ستاره ها	.
almond_translate/9996702/location/0	تیم شا تی	.
almond_translate/9996702/location/1	کولوون	.
almond_translate/9996702/location/2	منطقه ی یا سیم مونگ	.
almond_translate/9996702/type/0	مناظر و چشم انداز	.
almond_translate/10020327/address/0	55 Eastern Hospital Rd, So Kon Po Hong Kong Stadium	.
almond_translate/10020327/name/0	هنگ کنگ هفت	.
almond_translate/10020327/location/0	جزیره هنگ کنگ	.
almond_translate/10020327/type/0	رویدادها	.
almond_translate/10020336/address/0	شماره یک خیابان هینگ فات ، کوز وائی پارک ویکتوریا	.
almond_translate/10020336/name/0	نمایشگاه گلهای هنگ کنگ	.
almond_translate/10020336/location/0	وان چی / خلیج کاوزوی	.
almond_translate/10020336/location/1	پارک ویکتوریا	.
almond_translate/10020336/location/2	جزیره هنگ کنگ	.
almond_translate/10020336/type/0	رویدادها	.
almond_translate/10020359/address/0	شماره ۱۸۰ ، خیابان ونگ چوک هانگ پارک اقیانوس	.
almond_translate/10020359/name/0	جشن هالووین پارک اقیانوس	.
almond_translate/10020359/location/0	منطقه خلیج	.
almond_translate/10020359/location/1	جزیره هنگ کنگ	.
almond_translate/10020359/location/2	منطقه جنوبی	.
almond_translate/10020359/type/0	رویدادها	.
almond_translate/10020362/address/0	شماره دو ، خیابان هاربر ، مرکز هنرهای شهر وانچی	.
almond_translate/10020362/name/0	جشنواره هنرهای هنگ کنگ	.
almond_translate/10020362/location/0	قله	.
almond_translate/10020362/location/1	منطقه مرکزی	.
almond_translate/10020362/location/2	جزیره هنگ کنگ	.
almond_translate/10020362/type/0	رویدادها	.
almond_translate/10059580/address/0	پارک کنار آب سای کونگ	.
almond_translate/10059580/name/0	مرکز کشف آتشفشان	.
almond_translate/10059580/location/0	سرزمینهای نو	.
almond_translate/10059580/location/1	سای کونگ	.
almond_translate/10059580/type/0	موزه ها	.
almond_translate/10148796/address/0	جاده هوی بن ، کوون تونگ	.
almond_translate/10148796/name/0	خیابان ساحلی کوون تونگ	.
almond_translate/10148796/location/0	کوون تونگ	.
almond_translate/10148796/location/1	کولوون	.
almond_translate/10148796/location/2	منطقه کوون تونگ	.
almond_translate/10148796/type/0	مناظر و چشم انداز	.
almond_translate/10148796/type/1	طبیعت و پارکها	.
almond_translate/10168833/address/0	خلیج Clear Water ، Territoires نو	.
almond_translate/10168833/name/0	دانشگاه علوم و فناوری هنگ کنگ	.
almond_translate/10168833/location/0	سرزمینهای نو	.
almond_translate/10168833/location/1	سای کونگ	.
almond_translate/10168833/type/0	مناظر و چشم انداز	.
almond_translate/10195997/address/0	شماره ۱۵ در خیابان Chun ، ما آن شان ، در مناطق جدید	.
almond_translate/10195997/name/0	مرکز خرید کنار آب	.
almond_translate/10195997/location/0	سرزمینهای نو	.
almond_translate/10195997/location/1	شا تین	.
almond_translate/10195997/type/0	خرید	.
almond_translate/10509035/address/0	۱۳۸ خیابان کمیته روستایی شاتین	.
almond_translate/10509035/name/0	مربع خانه	.
almond_translate/10509035/location/0	سرزمینهای نو	.
almond_translate/10509035/location/1	شا تین	.
almond_translate/10509035/type/0	خرید	.
almond_translate/10519579/address/0	شماره ۹ خیابان چانگ یو ، لایچی کوک ، کولوون	.
almond_translate/10519579/name/0	D2 مکان	.
almond_translate/10519579/location/0	منطقه شان شوی پو	.
almond_translate/10519579/location/1	لای چی کوک	.
almond_translate/10519579/location/2	کولوون	.
almond_translate/10519579/type/0	خرید	.
almond_translate/10519584/address/0	8 خیابان یات تونگ ، تونگ چینگ	.
almond_translate/10519584/name/0	مرکز خرید ات تونگ	.
almond_translate/10519584/location/0	سرزمینهای نو	.
almond_translate/10519584/location/1	منطقه جزایر	.
almond_translate/10519584/location/2	لندтау	.
almond_translate/10519584/type/0	خرید	.
almond_translate/11849510/address/0	جاده ی توین مون هنگ سی ووی	.
almond_translate/11849510/name/0	پارک توین مان	.
almond_translate/11849510/location/0	سرزمینهای نو	.
almond_translate/11849510/location/1	توین مان	.
almond_translate/11849510/type/0	بازی های سرگرم کننده	.
almond_translate/11849510/type/1	طبیعت و پارکها	.
almond_translate/12060638/address/0	خیابان مالوری ۷	.
almond_translate/12060638/name/0	پایگاه خانگی کامیکس	.
almond_translate/12060638/location/0	وان چی / خلیج کاوزوی	.
almond_translate/12060638/location/1	جزیره هنگ کنگ	.
almond_translate/12060638/type/0	موزه ها	.
almond_translate/12275507/address/0	شماره ۶ ۲۵ و ۶۳۹ ، خیابان ناتان ، مونگاک	.
almond_translate/12275507/name/0	گراند پلازا	.
almond_translate/12275507/location/0	منگ کوک	.
almond_translate/12275507/location/1	کولوون	.
almond_translate/12275507/location/2	منطقه ی یا سیم مونگ	.
almond_translate/12275507/type/0	خرید	.
almond_translate/12309744/address/0	سای کونگ	.
almond_translate/12309744/name/0	بازار خیابان سای کونگ	.
almond_translate/12309744/location/0	سرزمینهای نو	.
almond_translate/12309744/location/1	سای کونگ	.
almond_translate/12309744/type/0	خرید	.
almond_translate/12398953/address/0	شماره ۱۰۰ ، جاده کوای شونگ ، کوای چونگ ، نواتری	.
almond_translate/12398953/name/0	گلینتیا ویلج ، هنگ کنگ آرایشگاه طراح Outlet	.
almond_translate/12398953/location/0	سرزمینهای نو	.
almond_translate/12398953/location/1	کوای سینگ	.
almond_translate/12398953/location/2	کوای فنگ	.
almond_translate/12398953/type/0	خرید	.
almond_translate/12537243/address/0	68 ، خیابان هوی یوین ، کوون تونگ	.
almond_translate/12537243/name/0	پلازا کوون تونگ	.
almond_translate/12537243/location/0	کوون تونگ	.
almond_translate/12537243/location/1	کولوون	.
almond_translate/12537243/location/2	منطقه کوون تونگ	.
almond_translate/12537243/type/0	خرید	.
almond_translate/12631583/address/0	شماره یک خیابان یوان وو ، شا تین	.
almond_translate/12631583/name/0	تالار شهرداری شا تین	.
almond_translate/12631583/location/0	سرزمینهای نو	.
almond_translate/12631583/location/1	شا تین	.
almond_translate/12631583/type/0	مناظر و چشم انداز	.
almond_translate/12907122/address/0	انتهای خیابان پک شی ، چانگ Chau	.
almond_translate/12907122/name/0	معبد پیک تای در چانگ Chau	.
almond_translate/12907122/location/0	سرزمینهای نو	.
almond_translate/12907122/location/1	منطقه جزایر	.
almond_translate/12907122/location/2	چانگ Chau	.
almond_translate/12907122/type/0	مناظر و چشم انداز	.
almond_translate/12948010/address/0	شماره ۱۳۳ جاده ی کناری	.
almond_translate/12948010/name/0	خانه های سنگی باغ خانواده	.
almond_translate/12948010/location/0	منطقه شهر کولوون	.
almond_translate/12948010/location/1	کوولون تونگ	.
almond_translate/12948010/location/2	کولوون	.
almond_translate/12948010/type/0	مناظر و چشم انداز	.
almond_translate/12955828/address/0	شماره ۳۵ دهکده بالا ، دهکده ما آن شان	.
almond_translate/12955828/name/0	کمپ جوانان گریس	.
almond_translate/12955828/location/0	سرزمینهای نو	.
almond_translate/12955828/location/1	شا تین	.
almond_translate/12955828/type/0	موزه ها	.
almond_translate/12970875/address/0	خیابان رابینسون ۷۰	.
almond_translate/12970875/name/0	کنیسه اویل لِه	.
almond_translate/12970875/location/0	منطقه مرکزی	.
almond_translate/12970875/location/1	جزیره هنگ کنگ	.
almond_translate/12970875/type/0	مناظر و چشم انداز	.
almond_translate/13292535/address/0	5 کامرون ، تسیم شا تی 4 /F ، ترینز پلازا	.
almond_translate/13292535/name/0	Sandbox VR	.
almond_translate/13292535/location/0	تیم شا تی	.
almond_translate/13292535/location/1	کولوون	.
almond_translate/13292535/location/2	منطقه ی یا سیم مونگ	.
almond_translate/13292535/type/0	مناظر و چشم انداز	.
almond_translate/13292535/type/1	بازی های سرگرم کننده	.
almond_translate/13412178/address/0	شماره ۱۸ خیابان هوی فای ، فروشگاه کولوون G03 ، G/F One SilverSea	.
almond_translate/13412178/name/0	سوپر پارک هانگ کنگ	.
almond_translate/13412178/location/0	اولمپیک	.
almond_translate/13412178/location/1	کولوون	.
almond_translate/13412178/location/2	منطقه ی یا سیم مونگ	.
almond_translate/13412178/type/0	بازی های سرگرم کننده	.
almond_translate/13412178/type/1	طبیعت و پارکها	.
almond_translate/14143982/address/0	شماره ۱۰ هولیوود	.
almond_translate/14143982/name/0	تای کان	.
almond_translate/14143982/location/0	منطقه مرکزی	.
almond_translate/14143982/location/1	مرکزی	.
almond_translate/14143982/location/2	جزیره هنگ کنگ	.
almond_translate/14143982/type/0	مناظر و چشم انداز	.
almond_translate/14179331/address/0	1 /F ، 45 تای هو سړک ، تُن وان	.
almond_translate/14179331/name/0	اتاق چای گربه ها	.
almond_translate/14179331/location/0	سرزمینهای نو	.
almond_translate/14179331/location/1	تسو آن وان	.
almond_translate/14179331/type/0	مناظر و چشم انداز	.
almond_translate/14920833/address/0	لاین خانه ی جزیره ، تای پو ، مرکز مطالعات حفاظتی خانه ی جزیره ، در Territoires	.
almond_translate/14920833/name/0	مرکز مطالعات حفاظتی خانه های جزیره	.
almond_translate/14920833/location/0	سرزمینهای نو	.
almond_translate/14920833/location/1	تای پو	.
almond_translate/14920833/type/0	طبیعت و پارکها	.
almond_translate/14928947/address/0	118-130 و 132 ناتان سړک	.
almond_translate/14928947/name/0	میرا پلیز	.
almond_translate/14928947/location/0	تیم شا تی	.
almond_translate/14928947/location/1	کولوون	.
almond_translate/14928947/location/2	منطقه ی یا سیم مونگ	.
almond_translate/14928947/type/0	خرید	.
almond_translate/14965565/address/0	شماره ۱۰۴۶ جاده ی کنگ ، خلیج مکعب ساختمان ییک چانگ	.
almond_translate/14965565/name/0	ساختمان هیولا	.
almond_translate/14965565/location/0	منطقه شرقی	.
almond_translate/14965565/location/1	جزیره هنگ کنگ	.
almond_translate/14965565/type/0	مناظر و چشم انداز	.
almond_translate/14965565/type/1	دیگر	.
almond_translate/14965669/address/0	2 Kornhill Road, Quarry Bay Kornhill Plaza	.
almond_translate/14965669/name/0	آرتور STYLE کورن هیل	.
almond_translate/14965669/location/0	منطقه شرقی	.
almond_translate/14965669/location/1	جزیره هنگ کنگ	.
almond_translate/14965669/type/0	خرید	.
almond_translate/14969288/address/0	۱۳ فیوک سو لاین ، سای ایننگ پن در کنار رستوران آلی لوکوفاما	.
almond_translate/14969288/name/0	صحنه های بامبو	.
almond_translate/14969288/location/0	غرب (سه وان)	.
almond_translate/14969288/location/1	جزیره هنگ کنگ	.
almond_translate/14969288/location/2	خیابان آب	.
almond_translate/14969288/location/3	منطقه غربی	.
almond_translate/14969288/type/0	خرید	.
almond_translate/14969288/type/1	موزه ها	.
almond_translate/15044519/address/0	شماره 1 ، پارک استیو ، شماره 6 ، شماره 6 ، شماره 1 ، ترمیال ، فرودگاه بین المللی هنگ کنگ ( نزدیک در شماره 1)	.
almond_translate/15044519/name/0	پلیزا پریمیم اول هنگ کنگ	.
almond_translate/15044519/location/0	سرزمینهای نو	.
almond_translate/15044519/location/1	منطقه جزایر	.
almond_translate/15044519/location/2	تونگ چینگ	.
almond_translate/15044519/type/0	منابع مسافر	.
almond_translate/15194758/address/0	16 پل تای ، ما آن شان	.
almond_translate/15194758/name/0	ما به مال می رویم	.
almond_translate/15194758/location/0	سرزمینهای نو	.
almond_translate/15194758/location/1	شا تین	.
almond_translate/15194758/type/0	خرید	.
almond_translate/15210251/address/0	هنگ کنگ چین	.
almond_translate/15210251/name/0	ایستگاه هونگ کنگ غربی کوولون	.
almond_translate/15210251/location/0	آستین	.
almond_translate/15210251/location/1	کولوون	.
almond_translate/15210251/location/2	منطقه ی یا سیم مونگ	.
almond_translate/15210251/type/0	مناظر و چشم انداز	.
almond_translate/15687373/address/0	شماره ۴۵ خیابان پک تین پار ، تُن وان	.
almond_translate/15687373/name/0	کارخانه ها	.
almond_translate/15687373/location/0	سرزمینهای نو	.
almond_translate/15687373/location/1	تسو آن وان	.
almond_translate/15687373/type/0	خرید	.
almond_translate/15687373/type/1	مناظر و چشم انداز	.
almond_translate/15687373/type/2	موزه ها	.
almond_translate/16660430/address/0	8 خیابان کاناچ مرکزی	.
almond_translate/16660430/name/0	چتر برجسته	.
almond_translate/16660430/location/0	منطقه مرکزی	.
almond_translate/16660430/location/1	مرکزی	.
almond_translate/16660430/location/2	جزیره هنگ کنگ	.
almond_translate/16660430/type/0	خرید	.
almond_translate/16731129/address/0	شماره ۸ خیابان شان یوت ، خلیج کووloon	.
almond_translate/16731129/name/0	ساختمان کربن صفر	.
almond_translate/16731129/location/0	خلیج کووان	.
almond_translate/16731129/location/1	کولوون	.
almond_translate/16731129/location/2	منطقه کوون تونگ	.
almond_translate/16731129/type/0	مناظر و چشم انداز	.
almond_translate/17367037/address/0	شماره ۶ ، دره متروپلیس ، هونگهوم ، کولوون	.
almond_translate/17367037/name/0	شهر خوشبختی	.
almond_translate/17367037/location/0	کولوون	.
almond_translate/17367037/location/1	منطقه ی یا سیم مونگ	.
almond_translate/17367037/type/0	خرید	.
almond_translate/17563172/address/0	تیسو هانگ	.
almond_translate/17563172/name/0	مرکز آموزش طبیعت شیر	.
almond_translate/17563172/location/0	سرزمینهای نو	.
almond_translate/17563172/location/1	سای کونگ	.
almond_translate/17563172/type/0	طبیعت و پارکها	.
almond_translate/17639106/address/0	در کنار کشتی ویکتوریا ، در خیابان سالزبری ۱۸ ، سیم شا تی	.
almond_translate/17639106/name/0	K11 MUSEA	.
almond_translate/17639106/location/0	تیم شا تی	.
almond_translate/17639106/location/1	کولوون	.
almond_translate/17639106/location/2	منطقه ی یا سیم مونگ	.
almond_translate/17639106/type/0	خرید	.
almond_translate/17806995/address/0	100 جاده سایبری 100 جاده سایبری	.
almond_translate/17806995/name/0	Cyberport Arcade	.
almond_translate/17806995/location/0	پوک فو لام	.
almond_translate/17806995/location/1	جزیره هنگ کنگ	.
almond_translate/17806995/location/2	منطقه جنوبی	.
almond_translate/17806995/type/0	خرید	.
almond_translate/19924388/address/0	پارک هنر ، کولوون غربی	.
almond_translate/19924388/name/0	غرفه M+	.
almond_translate/19924388/location/0	کولوون	.
almond_translate/19924388/location/1	منطقه ی یا سیم مونگ	.
almond_translate/19924388/type/0	موزه ها	.
almond_translate/20264787/address/0	شماره ۱ آ ، خیابان چونگ هنگ ، چانگ Chau	.
almond_translate/20264787/name/0	معبد هونگ شن (چنگ Chau)	.
almond_translate/20264787/location/0	سرزمینهای نو	.
almond_translate/20264787/location/1	منطقه جزایر	.
almond_translate/20264787/location/2	چانگ Chau	.
almond_translate/20264787/type/0	مناظر و چشم انداز	.
almond_translate/20671406/address/0	جاده ی منی در جنوب طرف مخزن بزرگ جزیره سد شرقی	.
almond_translate/20671406/name/0	یادبود حوضچه ی جزیره ی بالا	.
almond_translate/20671406/location/0	سرزمینهای نو	.
almond_translate/20671406/location/1	سای کونگ	.
almond_translate/20671406/type/0	مناظر و چشم انداز	.
almond_translate/20712672/address/0	جاده خلیج Clear Water	.
almond_translate/20712672/name/0	ساحل سلور استاند	.
almond_translate/20712672/location/0	وانگ تای سین ولسوالۍ	.
almond_translate/20712672/location/1	کولوون	.
almond_translate/20712672/type/0	طبیعت و پارکها	.
almond_translate/20712672/type/1	فعالیت های بیرونی	.
almond_translate/20885424/address/0	28 شان مونگ سړک ، کولوون	.
almond_translate/20885424/name/0	قدم V	.
almond_translate/20885424/location/0	منطقه شان شوی پو	.
almond_translate/20885424/location/1	کولوون	.
almond_translate/20885424/type/0	خرید	.
almond_translate/21198786/address/0	22-36 خیابان پترسون ، کوز وائی بی جاد پرل پلازا	.
almond_translate/21198786/name/0	دون دون دنی دون کی مروارید شهر	.
almond_translate/21198786/location/0	وان چی / خلیج کاوزوی	.
almond_translate/21198786/location/1	جزیره هنگ کنگ	.
almond_translate/21198786/type/0	خرید	.
