299526/name/0	Rosedale Hotel Hong Kong
299526/location/0	Victoria Park
299526/location/1	Hong Kong Island
299534/name/0	JEN Hong Kong by Shangri-La
299534/location/0	Western (Sai Wan)
299534/location/1	Belcher
299534/location/2	Hong Kong Island
299534/location/3	Western District
299535/name/0	Ibis Hong Kong North Point
299535/location/0	North Point
299535/location/1	Hong Kong Island
299535/location/2	Eastern District
299535/location/3	Fortress Hill
300319/name/0	Novotel Century Hong Kong
300319/location/0	Wan Chai / Causeway Bay
300319/location/1	Hong Kong Island
300319/location/2	Hennessy Road
300697/name/0	JW Marriott Hotel Hong Kong
300697/location/0	Hong Kong Island
300697/location/1	Tai Fat Hau
300840/name/0	Marco Polo Hongkong Hotel
300840/location/0	Tsim Sha Tsui
300840/location/1	Kowloon
300840/location/2	Yau Tsim Mong District
300844/name/0	Prince Hotel
300844/location/0	Tsim Sha Tsui
300844/location/1	Kowloon
300844/location/2	Yau Tsim Mong District
302040/name/0	The Peninsula Hong Kong
302040/location/0	Tsim Sha Tsui
302040/location/1	Kowloon
302040/location/2	Yau Tsim Mong District
302130/name/0	Island Shangri-La Hong Kong
302130/location/0	Hong Kong Island
302130/location/1	Tai Fat Hau
302133/name/0	Kowloon Shangri-La Hong Kong
302133/location/0	Tsim Sha Tsui
302133/location/1	Kowloon
302133/location/2	Yau Tsim Mong District
302173/name/0	Regal Airport Hotel
302173/location/0	New Territories
302173/location/1	Islands District
302173/location/2	Tung Chung
302174/name/0	Regal Hongkong Hotel
302174/location/0	Wan Chai / Causeway Bay
302174/location/1	Hong Kong Island
302175/name/0	Regal Kowloon Hotel
302175/location/0	Tsim Sha Tsui
302175/location/1	Kowloon
302175/location/2	Yau Tsim Mong District
302178/name/0	Regal Riverside Hotel
302178/location/0	New Territories
302178/location/1	Sha Tin Wai
302178/location/2	Sha Tin
302180/name/0	Regal Oriental Hotel
302180/location/0	Kowloon City District
302180/location/1	Kowloon
302254/name/0	GDH Hotel
302254/location/0	Tsim Sha Tsui
302254/location/1	Kowloon
302254/location/2	Yau Tsim Mong District
302256/name/0	Wharney Hotel
302256/location/0	Wan Chai / Causeway Bay
302256/location/1	Hong Kong Island
302256/location/2	Tai Fat Hau
302322/name/0	Harbour Grand Kowloon
302322/location/0	Kowloon City District
302322/location/1	Kowloon
302322/location/2	Whampoa
302328/name/0	Harbour Plaza Resort City Hong Kong
302328/location/0	Ping Shan
302328/location/1	New Territories
302328/location/2	Yuen Long
302328/location/3	Tin Shui Wai
302331/name/0	Harbour Plaza North Point
302331/location/0	Eastern District
302331/location/1	Hong Kong Island
302331/location/2	Healthy Village
302434/name/0	Le Meridien Cyberport
302434/location/0	Pok Fu Lam
302434/location/1	Hong Kong Island
302434/location/2	Southern District
302504/name/0	New World Millennium Hong Kong Hotel
302504/location/0	Tsim Sha Tsui
302504/location/1	Kowloon
302504/location/2	Yau Tsim Mong District
302990/name/0	The Kowloon Hotel
302990/location/0	Tsim Sha Tsui
302990/location/1	Kowloon
302990/location/2	Yau Tsim Mong District
304490/name/0	The Langham, Hong Kong
304490/location/0	Tsim Sha Tsui
304490/location/1	Kowloon
304490/location/2	Yau Tsim Mong District
305068/name/0	InterContinental Hong Kong
305068/location/0	Tsim Sha Tsui
305068/location/1	Kowloon
305068/location/2	Yau Tsim Mong District
305353/name/0	B P International
305353/location/0	Tsim Sha Tsui
305353/location/1	Kowloon
305353/location/2	Yau Tsim Mong District
305360/name/0	Bishop Lei International House
305360/location/0	Central District
305360/location/1	Mid Levels
305360/location/2	Hong Kong Island
305364/name/0	City Garden Hotel
305364/location/0	North Point
305364/location/1	Hong Kong Island
305364/location/2	Eastern District
305364/location/3	City Garden
305371/name/0	Conrad Hong Kong
305371/location/0	Hong Kong Island
305371/location/1	Tai Fat Hau
305377/name/0	Largos Hotel
305377/location/0	Kowloon
305377/location/1	Yau Tsim Mong District
305377/location/2	Jordan / Yau Ma Tei
305383/name/0	Eaton HK
305383/location/0	Kowloon
305383/location/1	Yau Tsim Mong District
305383/location/2	Jordan / Yau Ma Tei
305392/name/0	Grand Hyatt Hong Kong
305392/location/0	Wan Chai / Causeway Bay
305392/location/1	Hong Kong Island
305392/location/2	Southorn Playground
305803/name/0	Hong Kong Cosco Hotel
305803/location/0	Western (Sai Wan)
305803/location/1	Belcher
305803/location/2	Hong Kong Island
305803/location/3	Western District
305806/name/0	Metropark Hotel Mongkok
305806/location/0	Mong Kok
305806/location/1	Kowloon
305806/location/2	Yau Tsim Mong District
305809/name/0	The Imperial Hotel
305809/location/0	Tsim Sha Tsui
305809/location/1	Kowloon
305809/location/2	Yau Tsim Mong District
305810/name/0	InterContinental Grand Stanford
305810/location/0	Tsim Sha Tsui
305810/location/1	Kowloon
305810/location/2	Yau Tsim Mong District
305811/name/0	Island Pacific Hotel
305811/location/0	Western (Sai Wan)
305811/location/1	Hong Kong Island
305811/location/2	Sai Ying Pun
305811/location/3	Western District
305812/name/0	Kimberley Hotel
305812/location/0	Tsim Sha Tsui
305812/location/1	Kowloon
305812/location/2	Yau Tsim Mong District
305813/name/0	Cordis, Hong Kong
305813/location/0	Mong Kok
305813/location/1	Kowloon
305813/location/2	Yau Tsim Mong District
305852/name/0	Gloucester Luk Kwok Hong Kong
305852/location/0	Wan Chai / Causeway Bay
305852/location/1	Hong Kong Island
305852/location/2	Southorn Playground
305854/name/0	Harbour Plaza Metropolis
305854/location/0	Kowloon
305854/location/1	Yau Tsim Mong District
305856/name/0	Novotel Hong Kong Nathan Road Kowloon
305856/location/0	Kowloon
305856/location/1	Yau Tsim Mong District
305856/location/2	Jordan / Yau Ma Tei
305861/name/0	Metropark Hotel Causeway Bay Hong Kong
305861/location/0	Hong Kong Island
305861/location/1	Tin Hau
305862/name/0	The Mira Hong Kong
305862/location/0	Tsim Sha Tsui
305862/location/1	Kowloon
305862/location/2	Yau Tsim Mong District
305865/name/0	Nathan Hotel
305865/location/0	Kowloon
305865/location/1	Yau Tsim Mong District
305865/location/2	Jordan / Yau Ma Tei
305871/name/0	Newton Hotel Hong Kong
305871/location/0	North Point
305871/location/1	Hong Kong Island
305871/location/2	Eastern District
305871/location/3	City Garden
305875/name/0	Ramada Wyndham Hong Kong Grand View
305875/location/0	North Point
305875/location/1	Hong Kong Island
305875/location/2	Eastern District
305875/location/3	Fortress Hill
305877/name/0	Panda Hotel
305877/location/0	New Territories
305877/location/1	Tsuen Wan
305887/name/0	Park Hotel Hong Kong
305887/location/0	Tsim Sha Tsui
305887/location/1	Kowloon
305887/location/2	Yau Tsim Mong District
305890/name/0	Hong Kong Parkview
305890/location/0	Bays Area
305890/location/1	Hong Kong Island
305890/location/2	Southern District
305892/name/0	Prudential Hotel
305892/location/0	Kowloon
305892/location/1	Yau Tsim Mong District
305892/location/2	Jordan / Yau Ma Tei
305893/name/0	Best Western Plus Hotel Kowloon
305893/location/0	Tsim Sha Tsui
305893/location/1	Kowloon
305893/location/2	Yau Tsim Mong District
305905/name/0	The Royal Garden
305905/location/0	Tsim Sha Tsui
305905/location/1	Kowloon
305905/location/2	Yau Tsim Mong District
305906/name/0	Royal Pacific Hotel
305906/location/0	Tsim Sha Tsui
305906/location/1	Kowloon
305906/location/2	Yau Tsim Mong District
305907/name/0	Royal Park Hotel
305907/location/0	New Territories
305907/location/1	Sha Tin
305909/name/0	Royal Plaza Hotel
305909/location/0	Mong Kok
305909/location/1	Kowloon
305909/location/2	Yau Tsim Mong District
305913/name/0	The Salisbury-YMCA of Hong Kong
305913/location/0	Tsim Sha Tsui
305913/location/1	Kowloon
305913/location/2	Yau Tsim Mong District
305921/name/0	Sheraton Hong Kong Hotel & Towers
305921/location/0	Tsim Sha Tsui
305921/location/1	Kowloon
305921/location/2	Yau Tsim Mong District
305928/name/0	Silvermine Beach Resort
305928/location/0	New Territories
305928/location/1	Islands District
305928/location/2	Lantau Island
305931/name/0	South Pacific Hotel
305931/location/0	Wan Chai / Causeway Bay
305931/location/1	Hong Kong Island
305931/location/2	Canal Road
305934/name/0	Stanford Hillview Hotel
305934/location/0	Tsim Sha Tsui
305934/location/1	Kowloon
305934/location/2	Yau Tsim Mong District
305937/name/0	The Charterhouse Causeway Bay Hotel
305937/location/0	Wan Chai / Causeway Bay
305937/location/1	Hong Kong Island
305944/name/0	The Empire Hotel Wan Chai
305944/location/0	Wan Chai / Causeway Bay
305944/location/1	Hong Kong Island
305944/location/2	Tai Fat Hau
305947/name/0	Metropark Hotel Kowloon
305947/location/0	Kowloon City District
305947/location/1	Mong Kok
305947/location/2	Kowloon
306482/name/0	The Harbourview Hong Kong
306482/location/0	Wan Chai / Causeway Bay
306482/location/1	Hong Kong Island
306482/location/2	Southorn Playground
308429/name/0	Empire Hotel Kowloon
308429/location/0	Tsim Sha Tsui
308429/location/1	Kowloon
308429/location/2	Yau Tsim Mong District
308432/name/0	Hong Kong Gold Coast Hotel
308432/location/0	New Territories
308432/location/1	Tuen Mun
308456/name/0	Stanford Hotel Hong Kong
308456/location/0	Mong Kok
308456/location/1	Kowloon
308456/location/2	Yau Tsim Mong District
309407/name/0	Garden View Hong Kong
309407/location/0	Mid Levels
309407/location/1	Central
309407/location/2	Hong Kong Island
309407/location/3	Central District
309411/name/0	The South China Hotel
309411/location/0	North Point
309411/location/1	Hong Kong Island
309411/location/2	Eastern District
309411/location/3	Fortress Hill
309412/name/0	OZO Wesley Hong Kong
309412/location/0	Hong Kong Island
309412/location/1	Tai Fat Hau
309416/name/0	The Salvation Army - Booth Lodge
309416/location/0	Kowloon
309416/location/1	Yau Tsim Mong District
309418/name/0	Caritas Bianchi Lodge
309418/location/0	Kowloon
309418/location/1	Yau Tsim Mong District
309419/name/0	Warwick Hotel Cheung Chau
309419/location/0	New Territories
309419/location/1	Islands District
309419/location/2	Cheung Chau
309497/name/0	Holy Carpenter Guest House
309497/location/0	Kowloon City District
309497/location/1	Kowloon
309511/name/0	Shamrock Hotel
309511/location/0	Kowloon
309511/location/1	Yau Tsim Mong District
309511/location/2	Jordan / Yau Ma Tei
317396/name/0	Evergreen Hotel
317396/location/0	Kowloon
317396/location/1	Yau Tsim Mong District
317396/location/2	Jordan / Yau Ma Tei
455460/name/0	The Luxe Manor
455460/location/0	Tsim Sha Tsui
455460/location/1	Kowloon
455460/location/2	Yau Tsim Mong District
455523/name/0	Lushan Hotel
455523/location/0	New Territories
455523/location/1	North District
455523/location/2	Luohu Port
483282/name/0	Dorsett Wanchai
483282/location/0	Hong Kong Island
483282/location/1	Stubbs Road
503466/name/0	Comfort Lodge Hong Kong
503466/location/0	Kowloon
503466/location/1	Yau Tsim Mong District
503466/location/2	Jordan / Yau Ma Tei
548045/name/0	Four Seasons Hotel Hong Kong
548045/location/0	Central District
548045/location/1	Central
548045/location/2	Hong Kong Island
556970/name/0	Hongkong MK Hotel
556970/location/0	Mong Kok
556970/location/1	Kowloon
556970/location/2	Yau Tsim Mong District
558001/name/0	Travelodge Kowloon
558001/location/0	Kowloon
558001/location/1	Yau Tsim Mong District
558001/location/2	Jordan / Yau Ma Tei
558003/name/0	Kew Green Hotel Wanchai Hong Kong
558003/location/0	Wan Chai / Causeway Bay
558003/location/1	Hong Kong Island
558003/location/2	Tai Fat Hau
558384/name/0	Two MacDonnell Road
558384/location/0	Peak
558384/location/1	Central District
558384/location/2	Hong Kong Island
572253/name/0	Golden Lustre Hotel
572253/location/0	New Territories
572253/location/1	North District
572253/location/2	Luohu Port
573158/name/0	Best Western Plus Hotel Hong Kong
573158/location/0	Western (Sai Wan)
573158/location/1	Hong Kong Island
573158/location/2	Sai Ying Pun
573158/location/3	Western District
575999/name/0	The Landmark Mandarin Oriental, Hong Kong
575999/location/0	Central District
575999/location/1	Central
575999/location/2	Hong Kong Island
577600/name/0	New Garden Hostel
577600/location/0	Tsim Sha Tsui
577600/location/1	Kowloon
577600/location/2	Yau Tsim Mong District
577722/name/0	Ah Shan Hostel
577722/location/0	Mong Kok
577722/location/1	Kowloon
577722/location/2	Yau Tsim Mong District
577723/name/0	Hong Kong Budget Hostel
577723/location/0	Mong Kok
577723/location/1	Kowloon
577723/location/2	Yau Tsim Mong District
577724/name/0	Dragon Hostel
577724/location/0	Mong Kok
577724/location/1	Kowloon
577724/location/2	Yau Tsim Mong District
578564/name/0	Huizhange Hotel
578564/location/0	New Territories
578564/location/1	North District
578564/location/2	Luohu Port
583020/name/0	Shanshui Trends Hotel
583020/location/0	New Territories
583020/location/1	North District
583020/location/2	Luohu Port
583098/name/0	Xi Hotel
583098/location/0	Tsim Sha Tsui
583098/location/1	Kowloon
583098/location/2	Yau Tsim Mong District
583732/name/0	Disneyland Hotel
583732/location/0	New Territories
583732/location/1	Islands District
583732/location/2	Discovery Bay
583733/name/0	Disney's Hollywood Hotel
583733/location/0	New Territories
583733/location/1	Islands District
583733/location/2	Discovery Bay
585224/name/0	The Fleming, Hong Kong
585224/location/0	Wan Chai / Causeway Bay
585224/location/1	Hong Kong Island
585224/location/2	Hennessy Road
590144/name/0	Lanson Place Hotel
590144/location/0	Wan Chai / Causeway Bay
590144/location/1	Hong Kong Island
595976/name/0	Holiday Inn Express Hong Kong Causeway Bay
595976/location/0	Wan Chai / Causeway Bay
595976/location/1	Hong Kong Island
595976/location/2	Canal Road
596991/name/0	L'hotel Causeway Bay Harbour View
596991/location/0	Hong Kong Island
596991/location/1	Tin Hau
601231/name/0	Cosmo Hotel Hong Kong
601231/location/0	Hong Kong Island
601231/location/1	Stubbs Road
603110/name/0	Lan Kwai Fong Hotel @ Kau U Fong
603110/location/0	Sheung Wan
603110/location/1	Central District
603110/location/2	Hong Kong Island
603403/name/0	Novotel Citygate Hong Kong
603403/location/0	New Territories
603403/location/1	Islands District
603403/location/2	Tung Chung
623056/name/0	Home Inn Shenzhen Luohu Kou‘an
623056/location/0	New Territories
623056/location/1	North District
623056/location/2	Luohu Port
627798/name/0	Bridal Tea House Hotel
627798/location/0	Western (Sai Wan)
627798/location/1	Hong Kong Island
627798/location/2	Water Street
627798/location/3	Western District
627799/name/0	Bridal Tea House Hotel Yau Ma Tei
627799/location/0	Kowloon
627799/location/1	Yau Tsim Mong District
627799/location/2	Jordan / Yau Ma Tei
627800/name/0	Bridal Tea House Hotel Hung Hom Gillies Road
627800/location/0	Hung Hom
627800/location/1	Kowloon City District
627800/location/2	Kowloon
628550/name/0	Silka Far East Hotel
628550/location/0	New Territories
628550/location/1	Tsuen Wan
630159/name/0	New Yiu Fai Guest House
630159/location/0	Tsim Sha Tsui
630159/location/1	Kowloon
630159/location/2	Yau Tsim Mong District
631659/name/0	Rambler Garden Hotel
631659/location/0	New Territories
631659/location/1	Tsing Yi
631659/location/2	Kwai Tsing
638338/name/0	Minimal Hotel ‧ Avenue
638338/location/0	Tsim Sha Tsui
638338/location/1	Kowloon
638338/location/2	Yau Tsim Mong District
638917/name/0	Rambler Oasis Hotel
638917/location/0	New Territories
638917/location/1	Tsing Yi
638917/location/2	Kwai Tsing
647068/name/0	Cosmic Guest House Hong Kong
647068/location/0	Tsim Sha Tsui
647068/location/1	Kowloon
647068/location/2	Yau Tsim Mong District
649076/name/0	L'hotel Nina et Convention Centre
649076/location/0	New Territories
649076/location/1	Tsuen Wan
652907/name/0	Royal View Hotel
652907/location/0	New Territories
652907/location/1	Tsuen Wan
653928/name/0	Acesite Hotel
653928/location/0	North Point
653928/location/1	Hong Kong Island
653928/location/2	Eastern District
653928/location/3	City Garden
655905/name/0	Sun Kong Hostel
655905/location/0	Wan Chai / Causeway Bay
655905/location/1	Hong Kong Island
662411/name/0	HK Downtown Backpackers
662411/location/0	Tsim Sha Tsui
662411/location/1	Kowloon
662411/location/2	Yau Tsim Mong District
662470/name/0	Acesite Knutsford Hotel
662470/location/0	Tsim Sha Tsui
662470/location/1	Kowloon
662470/location/2	Yau Tsim Mong District
662753/name/0	Caritas Oswald Cheung International House
662753/location/0	Tin Wan
662753/location/1	Hong Kong Island
662753/location/2	Southern District
664663/name/0	JJ Hotel
664663/location/0	Wan Chai / Causeway Bay
664663/location/1	Hong Kong Island
675699/name/0	USA Hostel Hong Kong
675699/location/0	Tsim Sha Tsui
675699/location/1	Kowloon
675699/location/2	Yau Tsim Mong District
754042/name/0	Holiday Guest House Chongqing Mansion
754042/location/0	Tsim Sha Tsui
754042/location/1	Kowloon
754042/location/2	Yau Tsim Mong District
777807/name/0	Courtyard Hong Kong
777807/location/0	Western (Sai Wan)
777807/location/1	Hong Kong Island
777807/location/2	Sai Ying Pun
777807/location/3	Western District
878389/name/0	Walden Hotel
878389/location/0	Wan Chai / Causeway Bay
878389/location/1	Hong Kong Island
940661/name/0	Cheung Chau B & B
940661/location/0	New Territories
940661/location/1	Islands District
940661/location/2	Cheung Chau
948310/name/0	CAA Holy Sun Hotel
948310/location/0	New Territories
948310/location/1	North District
948310/location/2	Luohu Port
1010457/name/0	Hotel Benito
1010457/location/0	Tsim Sha Tsui
1010457/location/1	Kowloon
1010457/location/2	Yau Tsim Mong District
1014025/name/0	Dragon Inn
1014025/location/0	Tsim Sha Tsui
1014025/location/1	Kowloon
1014025/location/2	Yau Tsim Mong District
1014612/name/0	Ovolo Central
1014612/location/0	Central District
1014612/location/1	Central
1014612/location/2	Hong Kong Island
1051943/name/0	Super 7 Hostel
1051943/location/0	Tsim Sha Tsui
1051943/location/1	Kowloon
1051943/location/2	Yau Tsim Mong District
1053486/name/0	New International Guest House
1053486/location/0	Tsim Sha Tsui
1053486/location/1	Kowloon
1053486/location/2	Yau Tsim Mong District
1056636/name/0	Minimal Hotel . Urban
1056636/location/0	Wan Chai / Causeway Bay
1056636/location/1	Hong Kong Island
1056636/location/2	Canal Road
1060739/name/0	Hong Feng Hotel
1060739/location/0	New Territories
1060739/location/1	North District
1060739/location/2	Luohu Port
1061641/name/0	The Overseas Chinese Building
1061641/location/0	New Territories
1061641/location/1	North District
1061641/location/2	Luohu Port
1068750/name/0	Yan Yan Guest House
1068750/location/0	Tsim Sha Tsui
1068750/location/1	Kowloon
1068750/location/2	Yau Tsim Mong District
1068790/name/0	Lucky Hostel Hongkong Mongkok
1068790/location/0	Mong Kok
1068790/location/1	Kowloon
1068790/location/2	Yau Tsim Mong District
1068802/name/0	Guangdong Guest House
1068802/location/0	Tsim Sha Tsui
1068802/location/1	Kowloon
1068802/location/2	Yau Tsim Mong District
1081107/name/0	Four Seasons Hostel
1081107/location/0	Tsim Sha Tsui
1081107/location/1	Kowloon
1081107/location/2	Yau Tsim Mong District
1083482/name/0	The Sheung Wan by Ovolo
1083482/location/0	Sheung Wan
1083482/location/1	Central District
1083482/location/2	Hong Kong Island
1108985/name/0	Harbour Hotel
1108985/location/0	Mong Kok
1108985/location/1	Kowloon
1108985/location/2	Yau Tsim Mong District
1114337/name/0	New Chung King Mansion Hostel
1114337/location/0	Tsim Sha Tsui
1114337/location/1	Kowloon
1114337/location/2	Yau Tsim Mong District
1145763/name/0	Park Guest House
1145763/location/0	Tsim Sha Tsui
1145763/location/1	Kowloon
1145763/location/2	Yau Tsim Mong District
1148363/name/0	Renaissance Hong Kong Harbour View Hotel
1148363/location/0	Wan Chai / Causeway Bay
1148363/location/1	Hong Kong Island
1148363/location/2	Southorn Playground
1150792/name/0	Yesinn Studio @ Fortress Hill
1150792/location/0	North Point
1150792/location/1	Hong Kong Island
1150792/location/2	Eastern District
1150792/location/3	Fortress Hill
1161242/name/0	Gateway Hotel
1161242/location/0	Tsim Sha Tsui
1161242/location/1	Kowloon
1161242/location/2	Yau Tsim Mong District
1163421/name/0	Citadines Ashley Hong Kong
1163421/location/0	Tsim Sha Tsui
1163421/location/1	Kowloon
1163421/location/2	Yau Tsim Mong District
1165155/name/0	The Cityview
1165155/location/0	Kowloon
1165155/location/1	Yau Tsim Mong District
1165155/location/2	Jordan / Yau Ma Tei
1171412/name/0	South & North House
1171412/location/0	Kowloon
1171412/location/1	Yau Tsim Mong District
1171412/location/2	Jordan / Yau Ma Tei
1180941/name/0	Jetvan Traveller's House
1180941/location/0	Wan Chai / Causeway Bay
1180941/location/1	Hong Kong Island
1186246/name/0	Kung Fu Garden Hostel
1186246/location/0	Tsim Sha Tsui
1186246/location/1	Kowloon
1186246/location/2	Yau Tsim Mong District
1191442/name/0	Silka West Kowloon Hotel
1191442/location/0	Kowloon
1191442/location/1	Yau Tsim Mong District
1191444/name/0	West Hotel
1191444/location/0	Kowloon
1191444/location/1	Jordan / Yau Ma Tei
1191444/location/2	Austin
1191444/location/3	Yau Tsim Mong District
1196473/name/0	City Guesthouse
1196473/location/0	Tsim Sha Tsui
1196473/location/1	Kowloon
1196473/location/2	Yau Tsim Mong District
1196518/name/0	Maple Leaf Guest House
1196518/location/0	Tsim Sha Tsui
1196518/location/1	Kowloon
1196518/location/2	Yau Tsim Mong District
1196564/name/0	Ashoka Hostel
1196564/location/0	Tsim Sha Tsui
1196564/location/1	Kowloon
1196564/location/2	Yau Tsim Mong District
1198896/name/0	New Hong Kong Hostel
1198896/location/0	Tsim Sha Tsui
1198896/location/1	Kowloon
1198896/location/2	Yau Tsim Mong District
1201198/name/0	Yesinn Hostel @YMT
1201198/location/0	Kowloon
1201198/location/1	Yau Tsim Mong District
1201198/location/2	Jordan / Yau Ma Tei
1201305/name/0	Kings Hotel
1201305/location/0	Wan Chai / Causeway Bay
1201305/location/1	Hong Kong Island
1201305/location/2	Hennessy Road
1201754/name/0	New China Guest House
1201754/location/0	Tsim Sha Tsui
1201754/location/1	Kowloon
1201754/location/2	Yau Tsim Mong District
1201755/name/0	Backpackers Hostel Hong Kong
1201755/location/0	Tsim Sha Tsui
1201755/location/1	Kowloon
1201755/location/2	Yau Tsim Mong District
1201878/name/0	Hong Kong Hostel
1201878/location/0	Wan Chai / Causeway Bay
1201878/location/1	Hong Kong Island
1202358/name/0	Super Guesthouse
1202358/location/0	Tsim Sha Tsui
1202358/location/1	Kowloon
1202358/location/2	Yau Tsim Mong District
1202496/name/0	Marlboro Hostel
1202496/location/0	Wan Chai / Causeway Bay
1202496/location/1	Hong Kong Island
1202816/name/0	Paris Guesthouse
1202816/location/0	Tsim Sha Tsui
1202816/location/1	Kowloon
1202816/location/2	Yau Tsim Mong District
1202969/name/0	Ocean Guest House
1202969/location/0	Tsim Sha Tsui
1202969/location/1	Kowloon
1202969/location/2	Yau Tsim Mong District
1203280/name/0	Harbour Guest House
1203280/location/0	Kowloon
1203280/location/1	Jordan / Yau Ma Tei
1203280/location/2	Austin
1203280/location/3	Yau Tsim Mong District
1203437/name/0	Bradbury Jockey Club Youth Hostel
1203437/location/0	New Territories
1203437/location/1	Tai Po
1203440/name/0	Lucky Hostel
1203440/location/0	Tsim Sha Tsui
1203440/location/1	Kowloon
1203440/location/2	Yau Tsim Mong District
1204103/name/0	Laodifang Hotel
1204103/location/0	New Territories
1204103/location/1	North District
1204103/location/2	Luohu Port
1204149/name/0	Lis Hostel Hong Kong
1204149/location/0	Tsim Sha Tsui
1204149/location/1	Kowloon
1204149/location/2	Yau Tsim Mong District
1204205/name/0	Oriental Pearl Hostel Hong Kong
1204205/location/0	Tsim Sha Tsui
1204205/location/1	Kowloon
1204205/location/2	Yau Tsim Mong District
1210756/name/0	Hyatt Regency Hong Kong, Tsim Sha Tsui
1210756/location/0	Tsim Sha Tsui
1210756/location/1	Kowloon
1210756/location/2	Yau Tsim Mong District
1223686/name/0	Hong Kong SkyCity Marriott Hotel
1223686/location/0	New Territories
1223686/location/1	Islands District
1223686/location/2	Tung Chung
1229839/name/0	Yesinspace Service Apartment
1229839/location/0	Tai Kok Tsui
1229839/location/1	Kowloon
1229839/location/2	Yau Tsim Mong District
1235564/name/0	Golden Crown Guesthouse
1235564/location/0	Tsim Sha Tsui
1235564/location/1	Kowloon
1235564/location/2	Yau Tsim Mong District
1235711/name/0	Dorsett Mongkok Hong Kong
1235711/location/0	Tai Kok Tsui
1235711/location/1	Kowloon
1235711/location/2	Yau Tsim Mong District
1235790/name/0	The Johnston Suites Hong Kong
1235790/location/0	Wan Chai / Causeway Bay
1235790/location/1	Hong Kong Island
1235790/location/2	Southorn Playground
1236984/name/0	The Empire Hotel Hong Kong - Causeway Bay
1236984/location/0	North Point
1236984/location/1	Hong Kong Island
1236984/location/2	Eastern District
1236984/location/3	Fortress Hill
1371326/name/0	Butterfly on Prat
1371326/location/0	Tsim Sha Tsui
1371326/location/1	Kowloon
1371326/location/2	Yau Tsim Mong District
1406697/name/0	MK Business Hotel
1406697/location/0	Mong Kok
1406697/location/1	Kowloon
1406697/location/2	Yau Tsim Mong District
1407387/name/0	Hyatt Regency Hong Kong, Sha Tin
1407387/location/0	New Territories
1407387/location/1	Sha Tin
1407962/name/0	Mingle Place By The Park
1407962/location/0	Wan Chai / Causeway Bay
1407962/location/1	Hong Kong Island
1415169/name/0	Mini Hotel Central Hong Kong
1415169/location/0	Central District
1415169/location/1	Central
1415169/location/2	Hong Kong Island
1425912/name/0	Casa Hotel Hong Kong
1425912/location/0	Kowloon
1425912/location/1	Yau Tsim Mong District
1425912/location/2	Jordan / Yau Ma Tei
1438231/name/0	Harbour Grand Hong Kong
1438231/location/0	North Point
1438231/location/1	Hong Kong Island
1438231/location/2	Eastern District
1438231/location/3	City Garden
1446772/name/0	Guangna Business Hotel
1446772/location/0	New Territories
1446772/location/1	Huaqiang North
1446772/location/2	North District
1446851/name/0	Goodrich Hotel
1446851/location/0	Kowloon
1446851/location/1	Yau Tsim Mong District
1446851/location/2	Jordan / Yau Ma Tei
1446935/name/0	Horizon Suite Hotel
1446935/location/0	New Territories
1446935/location/1	Sha Tin
1454189/name/0	Man Hing Lung Hotel
1454189/location/0	Tsim Sha Tsui
1454189/location/1	Kowloon
1454189/location/2	Yau Tsim Mong District
1458545/name/0	Chung Kiu Inn
1458545/location/0	Wan Chai / Causeway Bay
1458545/location/1	Hong Kong Island
1459912/name/0	Osaka Hostel
1459912/location/0	Tsim Sha Tsui
1459912/location/1	Kowloon
1459912/location/2	Yau Tsim Mong District
1467776/name/0	Crowne Plaza Hong Kong Causeway Bay
1467776/location/0	Hong Kong Island
1468032/name/0	Sohotel
1468032/location/0	Sheung Wan
1468032/location/1	Central District
1468032/location/2	Hong Kong Island
1474288/name/0	Sunny Day Hotel
1474288/location/0	Mong Kok
1474288/location/1	Kowloon
1474288/location/2	Yau Tsim Mong District
1485592/name/0	Wifi Hotel
1485592/location/0	Wan Chai / Causeway Bay
1485592/location/1	Hong Kong Island
1488711/name/0	Ascension House
1488711/location/0	New Territories
1488711/location/1	Sha Tin
1491038/name/0	Railway Station Hotel
1491038/location/0	New Territories
1491038/location/1	North District
1491038/location/2	Dongmen
1491223/name/0	Bay Bridge Lifestyle Retreat
1491223/location/0	New Territories
1491223/location/1	Tsuen Wan
1491832/name/0	Golden Island Guesthouse
1491832/location/0	Kowloon
1491832/location/1	Yau Tsim Mong District
1491832/location/2	Jordan / Yau Ma Tei
1494794/name/0	Prince Inn
1494794/location/0	New Territories
1494794/location/1	North District
1494794/location/2	Luohu Port
1500278/name/0	Geo-Home Holiday Hotel
1500278/location/0	Mong Kok
1500278/location/1	Kowloon
1500278/location/2	Yau Tsim Mong District
1500376/name/0	UK Deluxe Hostel
1500376/location/0	Tsim Sha Tsui
1500376/location/1	Kowloon
1500376/location/2	Yau Tsim Mong District
1500522/name/0	Hong Kong Star Hostel
1500522/location/0	Tsim Sha Tsui
1500522/location/1	Kowloon
1500522/location/2	Yau Tsim Mong District
1501449/name/0	Golden Ocean Hotel
1501449/location/0	Tsim Sha Tsui
1501449/location/1	Kowloon
1501449/location/2	Yau Tsim Mong District
1502097/name/0	Singhs Guest House
1502097/location/0	Tsim Sha Tsui
1502097/location/1	Kowloon
1502097/location/2	Yau Tsim Mong District
1507677/name/0	Harbour Plaza 8 Degrees
1507677/location/0	Kowloon City District
1507677/location/1	Kowloon
1513860/name/0	The Upper House
1513860/location/0	Hong Kong Island
1513860/location/1	Tai Fat Hau
1528407/name/0	The Hong Kong Holiday Guesthouse
1528407/location/0	Mong Kok
1528407/location/1	Kowloon
1528407/location/2	Yau Tsim Mong District
1528911/name/0	Oriental Lander Hotel
1528911/location/0	Mong Kok
1528911/location/1	Kowloon
1528911/location/2	Yau Tsim Mong District
1535242/name/0	Joy Guesthouse
1535242/location/0	Sham Shui Po District
1535242/location/1	Nam Cheong
1535242/location/2	Kowloon
1568087/name/0	Johnson Hostel
1568087/location/0	Mong Kok
1568087/location/1	Kowloon
1568087/location/2	Yau Tsim Mong District
1574159/name/0	Queens Hotel
1574159/location/0	Western (Sai Wan)
1574159/location/1	Hong Kong Island
1574159/location/2	Sai Ying Pun
1574159/location/3	Western District
1576066/name/0	Sixiangjia Service Apartment Hotel Shenzhen Zunyu International Apartment
1576066/location/0	New Territories
1576066/location/1	North District
1576066/location/2	Luohu Port
1582709/name/0	Jockey Club Mt. Davis Youth Hostel
1582709/location/0	Kennedy Town & Mount Davis
1582709/location/1	Hong Kong Island
1582709/location/2	Western District
1590252/name/0	CHI Residences 314
1590252/location/0	Kowloon
1590252/location/1	Yau Tsim Mong District
1590252/location/2	Jordan / Yau Ma Tei
1590819/name/0	EAST Hong Kong
1590819/location/0	Tai Koo Shing West
1590819/location/1	Eastern District
1590819/location/2	Hong Kong Island
1598568/name/0	City Plus Hostel
1598568/location/0	Mong Kok
1598568/location/1	Kowloon
1598568/location/2	Yau Tsim Mong District
1598891/name/0	Apple Hostel
1598891/location/0	Tsim Sha Tsui
1598891/location/1	Kowloon
1598891/location/2	Yau Tsim Mong District
1599725/name/0	Germany Hostel
1599725/location/0	Tsim Sha Tsui
1599725/location/1	Kowloon
1599725/location/2	Yau Tsim Mong District
1599806/name/0	Go Inn Hong Kong
1599806/location/0	North Point
1599806/location/1	Hong Kong Island
1599806/location/2	Eastern District
1599806/location/3	Fortress Hill
1599808/name/0	Guangzhou Guest House
1599808/location/0	Tsim Sha Tsui
1599808/location/1	Kowloon
1599808/location/2	Yau Tsim Mong District
1599815/name/0	Loi Loi Guest House
1599815/location/0	Tsim Sha Tsui
1599815/location/1	Kowloon
1599815/location/2	Yau Tsim Mong District
1601150/name/0	Gorgeous Fad Hotel
1601150/location/0	New Territories
1601150/location/1	North District
1605114/name/0	Mingle Place At The Eden
1605114/location/0	Central District
1605114/location/1	Central
1605114/location/2	Hong Kong Island
1605116/name/0	Mingle Place With The Star
1605116/location/0	Wan Chai / Causeway Bay
1605116/location/1	Hong Kong Island
1625599/name/0	A-Inn
1625599/location/0	Mong Kok
1625599/location/1	Kowloon
1625599/location/2	Yau Tsim Mong District
1625600/name/0	Lee Garden Guest House
1625600/location/0	Tsim Sha Tsui
1625600/location/1	Kowloon
1625600/location/2	Yau Tsim Mong District
1625601/name/0	Venetian Hostel
1625601/location/0	Tsim Sha Tsui
1625601/location/1	Kowloon
1625601/location/2	Yau Tsim Mong District
1626150/name/0	Happyland Guest House
1626150/location/0	Tsim Sha Tsui
1626150/location/1	Kowloon
1626150/location/2	Yau Tsim Mong District
1628128/name/0	Asia Travel House
1628128/location/0	Kowloon
1628128/location/1	Yau Tsim Mong District
1628128/location/2	Jordan / Yau Ma Tei
1628533/name/0	Comfort Hostel HK
1628533/location/0	Wan Chai / Causeway Bay
1628533/location/1	Hong Kong Island
1631802/name/0	Shama Central Hong Kong
1631802/location/0	Central District
1631802/location/1	Central
1631802/location/2	Hong Kong Island
1631877/name/0	iclub Wan Chai Hotel
1631877/location/0	Wan Chai / Causeway Bay
1631877/location/1	Hong Kong Island
1631884/name/0	Hop Inn
1631884/location/0	Tsim Sha Tsui
1631884/location/1	Kowloon
1631884/location/2	Yau Tsim Mong District
1635307/name/0	Pengda Guesthouse
1635307/location/0	Wan Chai / Causeway Bay
1635307/location/1	Hong Kong Island
1648655/name/0	Oi Suen Guesthouse
1648655/location/0	Mong Kok
1648655/location/1	Kowloon
1648655/location/2	Yau Tsim Mong District
1676385/name/0	Y Loft
1676385/location/0	Eastern District
1676385/location/1	Hong Kong Island
1718700/name/0	The Connaught
1718700/location/0	Western (Sai Wan)
1718700/location/1	Hong Kong Island
1718700/location/2	Sai Ying Pun
1718700/location/3	Western District
1734114/name/0	Ho Mongkok Hotel
1734114/location/0	Mong Kok
1734114/location/1	Kowloon
1734114/location/2	Yau Tsim Mong District
1737218/name/0	Concerto Inn
1737218/location/0	New Territories
1737218/location/1	Islands District
1737218/location/2	Lamma Island
1740783/name/0	Dynasty Commercial Hotel
1740783/location/0	Kowloon
1740783/location/1	Yau Tsim Mong District
1740783/location/2	Jordan / Yau Ma Tei
1761280/name/0	Medi Holiday Inn
1761280/location/0	Mong Kok
1761280/location/1	Kowloon
1761280/location/2	Yau Tsim Mong District
1761381/name/0	Jinhai Hotel
1761381/location/0	Mong Kok
1761381/location/1	Kowloon
1761381/location/2	Yau Tsim Mong District
1761456/name/0	Pay-less Guest House
1761456/location/0	Tsim Sha Tsui
1761456/location/1	Kowloon
1761456/location/2	Yau Tsim Mong District
1761461/name/0	Hang Ho Hostel
1761461/location/0	Kowloon
1761461/location/1	Yau Tsim Mong District
1761461/location/2	Jordan / Yau Ma Tei
1761485/name/0	Sun Ying Hotel
1761485/location/0	Mong Kok
1761485/location/1	Kowloon
1761485/location/2	Yau Tsim Mong District
1761506/name/0	Perthden hotel
1761506/location/0	New Territories
1761506/location/1	North District
1761506/location/2	Luohu Port
1762000/name/0	Noah's Ark Hotel & Resort
1762000/location/0	New Territories
1762000/location/1	Tsuen Wan
1762000/location/2	Tsuen Wan West
1765545/name/0	L'hotel Island South
1765545/location/0	Hong Kong Island
1765545/location/1	Southern District
1765545/location/2	Wong Chuk Hang
1772756/name/0	Artland Guest House
1772756/location/0	Mong Kok
1772756/location/1	Kowloon
1772756/location/2	Yau Tsim Mong District
1776902/name/0	House 1881
1776902/location/0	Tsim Sha Tsui
1776902/location/1	Kowloon
1776902/location/2	Yau Tsim Mong District
1778000/name/0	Wellyet Guest House
1778000/location/0	Tsim Sha Tsui
1778000/location/1	Kowloon
1778000/location/2	Yau Tsim Mong District
1778012/name/0	Mei Lam Guest House
1778012/location/0	Tsim Sha Tsui
1778012/location/1	Kowloon
1778012/location/2	Yau Tsim Mong District
1778034/name/0	Hong Kong Guangzhou Hotel
1778034/location/0	Mong Kok
1778034/location/1	Kowloon
1778034/location/2	Yau Tsim Mong District
1778045/name/0	S3 Hotel
1778045/location/0	Kowloon
1778045/location/1	Yau Tsim Mong District
1778045/location/2	Jordan / Yau Ma Tei
1778727/name/0	Qianyue Inn
1778727/location/0	Kowloon
1778727/location/1	Yau Tsim Mong District
1778727/location/2	Jordan / Yau Ma Tei
1783462/name/0	Minimal Hotel-Bazaar
1783462/location/0	Mong Kok
1783462/location/1	Kowloon
1783462/location/2	Yau Tsim Mong District
1806608/name/0	Victor Hotel
1806608/location/0	Kowloon
1806608/location/1	Yau Tsim Mong District
1806608/location/2	Jordan / Yau Ma Tei
1811974/name/0	Kapok Apartment
1811974/location/0	Wan Chai / Causeway Bay
1811974/location/1	Hong Kong Island
1811974/location/2	Hennessy Road
1837031/name/0	Butterfly on Wellington
1837031/location/0	Central District
1837031/location/1	Central
1837031/location/2	Hong Kong Island
1846280/name/0	YHA Bradbury Hall Chek Keng Youth Hostel
1846280/location/0	New Territories
1846280/location/1	Tai Po
1846906/name/0	New Asia Guest House
1846906/location/0	Tsim Sha Tsui
1846906/location/1	Kowloon
1846906/location/2	Yau Tsim Mong District
1848941/name/0	Miami Resort
1848941/location/0	New Territories
1848941/location/1	Islands District
1848941/location/2	Cheung Chau
1854504/name/0	Haifengyuan Hotel
1854504/location/0	New Territories
1854504/location/1	North District
1854504/location/2	Luohu Port
1866721/name/0	Hello Inn
1866721/location/0	Tsim Sha Tsui
1866721/location/1	Kowloon
1866721/location/2	Yau Tsim Mong District
1868184/name/0	Chelsea Hotel
1868184/location/0	Tsim Sha Tsui
1868184/location/1	Kowloon
1868184/location/2	Yau Tsim Mong District
1868196/name/0	YHA Pak Sha O Youth Hostel
1868196/location/0	New Territories
1868196/location/1	Tai Po
1901458/name/0	The Bauhinia Hotel - Tsim Sha Tsui
1901458/location/0	Tsim Sha Tsui
1901458/location/1	Kowloon
1901458/location/2	Yau Tsim Mong District
1905402/name/0	Espace Elastique B&B
1905402/location/0	New Territories
1905402/location/1	Islands District
1905402/location/2	Lantau Island
1915279/name/0	Haohua Hotel
1915279/location/0	Kowloon
1915279/location/1	Yau Tsim Mong District
1915279/location/2	Jordan / Yau Ma Tei
1946278/name/0	Golden Wave Hotel Hong Kong
1946278/location/0	Kowloon
1946278/location/1	Yau Tsim Mong District
1946278/location/2	Jordan / Yau Ma Tei
1949193/name/0	Hao's Inn
1949193/location/0	Tsim Sha Tsui
1949193/location/1	Kowloon
1949193/location/2	Yau Tsim Mong District
1956813/name/0	Mongkok Railei Hotel
1956813/location/0	Mong Kok
1956813/location/1	Kowloon
1956813/location/2	Yau Tsim Mong District
1963052/name/0	Merryland Guest House
1963052/location/0	Tsim Sha Tsui
1963052/location/1	Kowloon
1963052/location/2	Yau Tsim Mong District
1966245/name/0	Mei Mei Motel
1966245/location/0	Mong Kok
1966245/location/1	Kowloon
1966245/location/2	Yau Tsim Mong District
1966736/name/0	7 Days Inn Shenzhen Train Station
1966736/location/0	New Territories
1966736/location/1	North District
1966736/location/2	Luohu Port
1969654/name/0	The T Hotel
1969654/location/0	Pok Fu Lam
1969654/location/1	Hong Kong Island
1969654/location/2	Southern District
1984414/name/0	City Econo Guesthouse
1984414/location/0	Kowloon
1984414/location/1	Yau Tsim Mong District
1984414/location/2	Jordan / Yau Ma Tei
1989075/name/0	V Causeway Bay Serviced Apartments
1989075/location/0	Wan Chai / Causeway Bay
1989075/location/1	Hong Kong Island
2016610/name/0	The Ritz-Carlton, Hong Kong
2016610/location/0	Kowloon
2016610/location/1	Yau Tsim Mong District
2018249/name/0	M1 Hotel
2018249/location/0	Kowloon
2018249/location/1	Yau Tsim Mong District
2018249/location/2	Jordan / Yau Ma Tei
2027053/name/0	Zhonghua Tongxianghui Hotel
2027053/location/0	Tai Hang
2027053/location/1	Hong Kong Island
2031570/name/0	Hotel ICON
2031570/location/0	Tsim Sha Tsui
2031570/location/1	Kowloon
2031570/location/2	Yau Tsim Mong District
2039767/name/0	Causeway Corner
2039767/location/0	Wan Chai / Causeway Bay
2039767/location/1	Hong Kong Island
2053669/name/0	Shama Tsim Sha Tsui Hong Kong
2053669/location/0	Tsim Sha Tsui
2053669/location/1	Kowloon
2053669/location/2	Yau Tsim Mong District
2081304/name/0	The Mercer Hong Kong
2081304/location/0	Sheung Wan
2081304/location/1	Central District
2081304/location/2	Hong Kong Island
2097924/name/0	HK Jiang Xi Guest House
2097924/location/0	Mong Kok
2097924/location/1	Kowloon
2097924/location/2	Yau Tsim Mong District
2136000/name/0	Carlton Guest House
2136000/location/0	Tsim Sha Tsui
2136000/location/1	Kowloon
2136000/location/2	Yau Tsim Mong District
2149937/name/0	The Bauhinia Hotel - Central
2149937/location/0	Sheung Wan
2149937/location/1	Central District
2149937/location/2	Hong Kong Island
2164696/name/0	New Citygate Hotel
2164696/location/0	Mong Kok
2164696/location/1	Kowloon
2164696/location/2	Yau Tsim Mong District
2169330/name/0	Heyi Hotel
2169330/location/0	Tsim Sha Tsui
2169330/location/1	Kowloon
2169330/location/2	Yau Tsim Mong District
2185676/name/0	Best Western Hotel Causeway Bay
2185676/location/0	Wan Chai / Causeway Bay
2185676/location/1	Hong Kong Island
2185676/location/2	Canal Road
2204418/name/0	Lily Garden Guest House
2204418/location/0	Tsim Sha Tsui
2204418/location/1	Kowloon
2204418/location/2	Yau Tsim Mong District
2215912/name/0	Vela Boutique Hotel
2215912/location/0	Wan Chai / Causeway Bay
2215912/location/1	Hong Kong Island
2224149/name/0	Kyoto Guest House
2224149/location/0	Tsim Sha Tsui
2224149/location/1	Kowloon
2224149/location/2	Yau Tsim Mong District
2257055/name/0	Taisan Guesthouse
2257055/location/0	Tsim Sha Tsui
2257055/location/1	Kowloon
2257055/location/2	Yau Tsim Mong District
2279534/name/0	Panda's Hostel
2279534/location/0	Tsim Sha Tsui
2279534/location/1	Kowloon
2279534/location/2	Yau Tsim Mong District
2293475/name/0	Canadian Hostel
2293475/location/0	Tsim Sha Tsui
2293475/location/1	Kowloon
2293475/location/2	Yau Tsim Mong District
2357091/name/0	the Figo
2357091/location/0	Sheung Wan
2357091/location/1	Central District
2357091/location/2	Hong Kong Island
2388292/name/0	Causeway Bay Inn
2388292/location/0	Wan Chai / Causeway Bay
2388292/location/1	Hong Kong Island
2388292/location/2	Canal Road
2392178/name/0	Head Sun Guest House
2392178/location/0	Tsim Sha Tsui
2392178/location/1	Kowloon
2392178/location/2	Yau Tsim Mong District
2408837/name/0	Australian Guesthouse
2408837/location/0	Tsim Sha Tsui
2408837/location/1	Kowloon
2408837/location/2	Yau Tsim Mong District
2409573/name/0	Mia Casa Hotel
2409573/location/0	Kennedy Town & Mount Davis
2409573/location/1	Western (Sai Wan)
2409573/location/2	Hong Kong Island
2409573/location/3	Western District
2413832/name/0	Pandora After 80s
2413832/location/0	Wan Chai / Causeway Bay
2413832/location/1	Hong Kong Island
2417645/name/0	H1 Hotel
2417645/location/0	Mong Kok
2417645/location/1	Kowloon
2417645/location/2	Yau Tsim Mong District
2453846/name/0	60 West Hotel
2453846/location/0	Sheung Wan
2453846/location/1	Central District
2453846/location/2	Hong Kong Island
2459386/name/0	Tokyo Hostel
2459386/location/0	Tsim Sha Tsui
2459386/location/1	Kowloon
2459386/location/2	Yau Tsim Mong District
2483862/name/0	Delta Hotel
2483862/location/0	Tsim Sha Tsui
2483862/location/1	Kowloon
2483862/location/2	Yau Tsim Mong District
2486051/name/0	New Grand Guest House
2486051/location/0	Tsim Sha Tsui
2486051/location/1	Kowloon
2486051/location/2	Yau Tsim Mong District
2489750/name/0	Day and Night Hotel
2489750/location/0	Tsim Sha Tsui
2489750/location/1	Kowloon
2489750/location/2	Yau Tsim Mong District
2491340/name/0	Marco Polo Hostel
2491340/location/0	Tsim Sha Tsui
2491340/location/1	Kowloon
2491340/location/2	Yau Tsim Mong District
2491565/name/0	New London Hostel
2491565/location/0	Tsim Sha Tsui
2491565/location/1	Kowloon
2491565/location/2	Yau Tsim Mong District
2491604/name/0	Canada Hotel
2491604/location/0	Tsim Sha Tsui
2491604/location/1	Kowloon
2491604/location/2	Yau Tsim Mong District
2508997/name/0	Times' Budget Hotel
2508997/location/0	Tsim Sha Tsui
2508997/location/1	Kowloon
2508997/location/2	Yau Tsim Mong District
2509136/name/0	Garden Guest House
2509136/location/0	Tsim Sha Tsui
2509136/location/1	Kowloon
2509136/location/2	Yau Tsim Mong District
2516723/name/0	Tai O Heritage Hotel
2516723/location/0	New Territories
2516723/location/1	Islands District
2516723/location/2	Lantau Island
2520407/name/0	Yilong Hotel
2520407/location/0	Kowloon
2520407/location/1	Yau Tsim Mong District
2520407/location/2	Jordan / Yau Ma Tei
2527947/name/0	Bluejay Residences
2527947/location/0	South Horizons
2527947/location/1	Hong Kong Island
2527947/location/2	Southern District
2528291/name/0	The Mercury
2528291/location/0	North Point
2528291/location/1	Hong Kong Island
2528291/location/2	Eastern District
2528291/location/3	Fortress Hill
2532186/name/0	Hotel Madera Hong Kong
2532186/location/0	Kowloon
2532186/location/1	Yau Tsim Mong District
2532186/location/2	Jordan / Yau Ma Tei
2543770/name/0	Yi Serviced Apartments
2543770/location/0	Tsim Sha Tsui
2543770/location/1	Kowloon
2543770/location/2	Yau Tsim Mong District
2543777/name/0	Nagaland Guest House
2543777/location/0	Tsim Sha Tsui
2543777/location/1	Kowloon
2543777/location/2	Yau Tsim Mong District
2570872/name/0	Cynthia's Inn
2570872/location/0	Tsim Sha Tsui
2570872/location/1	Kowloon
2570872/location/2	Yau Tsim Mong District
2570878/name/0	Kowloon TST Guest House
2570878/location/0	Tsim Sha Tsui
2570878/location/1	Kowloon
2570878/location/2	Yau Tsim Mong District
2614488/name/0	V Wanchai Serviced Apartments
2614488/location/0	Wan Chai / Causeway Bay
2614488/location/1	Hong Kong Island
2614488/location/2	Hennessy Road
2615629/name/0	New China Yan Yan Guesthouse
2615629/location/0	Tsim Sha Tsui
2615629/location/1	Kowloon
2615629/location/2	Yau Tsim Mong District
2631170/name/0	Days Hotel
2631170/location/0	Tsim Sha Tsui
2631170/location/1	Kowloon
2631170/location/2	Yau Tsim Mong District
2643470/name/0	Apple Hotel - Causeway Bay
2643470/location/0	Tsim Sha Tsui
2643470/location/1	Kowloon
2643470/location/2	Yau Tsim Mong District
2643648/name/0	Fuk Hua Travel House
2643648/location/0	Kowloon
2643648/location/1	Yau Tsim Mong District
2643648/location/2	Jordan / Yau Ma Tei
2643696/name/0	Taisan Guesthouse
2643696/location/0	Tsim Sha Tsui
2643696/location/1	Kowloon
2643696/location/2	Yau Tsim Mong District
2643869/name/0	Kwok Wah Hotel
2643869/location/0	Mong Kok
2643869/location/1	Kowloon
2643869/location/2	Yau Tsim Mong District
2656243/name/0	InnSight
2656243/location/0	Tsim Sha Tsui
2656243/location/1	Kowloon
2656243/location/2	Yau Tsim Mong District
2664037/name/0	Fortunate Guest House
2664037/location/0	Tsim Sha Tsui
2664037/location/1	Kowloon
2664037/location/2	Yau Tsim Mong District
2664243/name/0	Peace Hotel Mongkok
2664243/location/0	Mong Kok
2664243/location/1	Kowloon
2664243/location/2	Yau Tsim Mong District
2688408/name/0	Huihua Hotel
2688408/location/0	Kowloon
2688408/location/1	Jordan / Yau Ma Tei
2688408/location/2	Austin
2688408/location/3	Yau Tsim Mong District
2688418/name/0	Kowloon Commercial Inn
2688418/location/0	Mong Kok
2688418/location/1	Kowloon
2688418/location/2	Yau Tsim Mong District
2692721/name/0	Rosedale Hotel Kowloon
2692721/location/0	Tai Kok Tsui
2692721/location/1	Kowloon
2692721/location/2	Yau Tsim Mong District
2698132/name/0	Holiday Inn Express HONG KONG SOHO
2698132/location/0	Sheung Wan
2698132/location/1	Central District
2698132/location/2	Hong Kong Island
2698144/name/0	Holiday Inn Express HONG KONG KOWLOON EAST
2698144/location/0	New Territories
2698144/location/1	Sai Kung
2698144/location/2	Tseung Kwan O
2699176/name/0	Crowne Plaza Hong Kong Kowloon East
2699176/location/0	New Territories
2699176/location/1	Sai Kung
2699176/location/2	Tseung Kwan O
2709671/name/0	Travelodge Central Hollywood Road
2709671/location/0	Sheung Wan
2709671/location/1	Central District
2709671/location/2	Hong Kong Island
2712173/name/0	Homy Inn
2712173/location/0	Tsim Sha Tsui
2712173/location/1	Kowloon
2712173/location/2	Yau Tsim Mong District
2712531/name/0	Prince Hotel
2712531/location/0	Mong Kok
2712531/location/1	Kowloon
2712531/location/2	Yau Tsim Mong District
3138250/name/0	Yesinn Causeway Bay
3138250/location/0	Wan Chai / Causeway Bay
3138250/location/1	Hong Kong Island
3138250/location/2	Canal Road
3140953/name/0	Emerald Holiday Hotel
3140953/location/0	New Territories
3140953/location/1	North District
3200237/name/0	Lung Wa Hotel
3200237/location/0	Kowloon
3200237/location/1	Yau Tsim Mong District
3200237/location/2	Jordan / Yau Ma Tei
3200519/name/0	Check Inn HK
3200519/location/0	Wan Chai / Causeway Bay
3200519/location/1	Hong Kong Island
3205399/name/0	Pearl Guesthouse
3205399/location/0	Tsim Sha Tsui
3205399/location/1	Kowloon
3205399/location/2	Yau Tsim Mong District
3205411/name/0	L'hotel elan
3205411/location/0	Kwun Tong
3205411/location/1	Kowloon
3205411/location/2	Kwun Tong District
3223074/name/0	California Hotel HK
3223074/location/0	Tsim Sha Tsui
3223074/location/1	Kowloon
3223074/location/2	Yau Tsim Mong District
3250240/name/0	Tai An Guest House
3250240/location/0	Kowloon
3250240/location/1	Yau Tsim Mong District
3250240/location/2	Jordan / Yau Ma Tei
3251073/name/0	Dorsett Kwun Tong, Hong Kong
3251073/location/0	Kwun Tong
3251073/location/1	Kowloon
3251073/location/2	Kwun Tong District
3256888/name/0	Ibis Hong Kong Central & Sheung Wan
3256888/location/0	Sheung Wan
3256888/location/1	Central District
3256888/location/2	Hong Kong Island
3264006/name/0	Yau King Hotel
3264006/location/0	Kowloon
3264006/location/1	Yau Tsim Mong District
3264006/location/2	Jordan / Yau Ma Tei
3295710/name/0	Inntide Guest House
3295710/location/0	Wan Chai / Causeway Bay
3295710/location/1	Hong Kong Island
3308059/name/0	Ramada Hong Kong Harbour View
3308059/location/0	Western (Sai Wan)
3308059/location/1	Hong Kong Island
3308059/location/2	Western District
3349465/name/0	Auberge Discovery Bay Hong Kong
3349465/location/0	New Territories
3349465/location/1	Islands District
3349465/location/2	Discovery Bay
3354124/name/0	Micro Hotel
3354124/location/0	Kowloon
3354124/location/1	Yau Tsim Mong District
3354124/location/2	Jordan / Yau Ma Tei
3436298/name/0	Wanchai 88 Hotel
3436298/location/0	Wan Chai / Causeway Bay
3436298/location/1	Hong Kong Island
3445901/name/0	Mira Moon Hotel
3445901/location/0	Wan Chai / Causeway Bay
3445901/location/1	Hong Kong Island
3459879/name/0	Kamal Deluxe
3459879/location/0	Tsim Sha Tsui
3459879/location/1	Kowloon
3459879/location/2	Yau Tsim Mong District
3470283/name/0	Mini Hotel Causeway Bay Hong Kong
3470283/location/0	Hong Kong Island
3472388/name/0	Hung Fai Guest House
3472388/location/0	Kowloon
3472388/location/1	Yau Tsim Mong District
3472388/location/2	Jordan / Yau Ma Tei
3498012/name/0	New Style Hotel
3498012/location/0	Mong Kok
3498012/location/1	Kowloon
3498012/location/2	Yau Tsim Mong District
3505629/name/0	Jin Xiang Hotel Jiulong
3505629/location/0	Kowloon
3505629/location/1	Yau Tsim Mong District
3505629/location/2	Jordan / Yau Ma Tei
3506910/name/0	Kowloon New Hostel
3506910/location/0	Tsim Sha Tsui
3506910/location/1	Kowloon
3506910/location/2	Yau Tsim Mong District
3511256/name/0	Simply Hostel
3511256/location/0	Kowloon
3511256/location/1	Yau Tsim Mong District
3511256/location/2	Jordan / Yau Ma Tei
3511315/name/0	Ocean House Hong Kong
3511315/location/0	Tsim Sha Tsui
3511315/location/1	Kowloon
3511315/location/2	Yau Tsim Mong District
3515623/name/0	Lyton House
3515623/location/0	Tsim Sha Tsui
3515623/location/1	Kowloon
3515623/location/2	Yau Tsim Mong District
3524642/name/0	Just Inn
3524642/location/0	Tsim Sha Tsui
3524642/location/1	Kowloon
3524642/location/2	Yau Tsim Mong District
3524663/name/0	Narli Guest House
3524663/location/0	Kowloon
3524663/location/1	Jordan / Yau Ma Tei
3524663/location/2	Austin
3524663/location/3	Yau Tsim Mong District
3524822/name/0	European Hostel
3524822/location/0	Tsim Sha Tsui
3524822/location/1	Kowloon
3524822/location/2	Yau Tsim Mong District
3525779/name/0	Fei Hong Hotel
3525779/location/0	Mong Kok
3525779/location/1	Kowloon
3525779/location/2	Yau Tsim Mong District
3526163/name/0	Tohou Hotel
3526163/location/0	Kowloon
3526163/location/1	Yau Tsim Mong District
3526163/location/2	Jordan / Yau Ma Tei
3543647/name/0	New Mong Kok Hotel
3543647/location/0	Kowloon City District
3543647/location/1	Kowloon
3543647/location/2	Ho Man Tin
3545103/name/0	Jin Xiang Hotel
3545103/location/0	Kowloon
3545103/location/1	Yau Tsim Mong District
3545103/location/2	Jordan / Yau Ma Tei
3601872/name/0	Capital Guest House
3601872/location/0	Tsim Sha Tsui
3601872/location/1	Kowloon
3601872/location/2	Yau Tsim Mong District
3610842/name/0	Bali Hotel Lamma
3610842/location/0	New Territories
3610842/location/1	Islands District
3610842/location/2	Lamma Island
3642551/name/0	Gloria Guesthouse
3642551/location/0	Tsim Sha Tsui
3642551/location/1	Kowloon
3642551/location/2	Yau Tsim Mong District
3642553/name/0	Happy Yeung Guest House
3642553/location/0	Tsim Sha Tsui
3642553/location/1	Kowloon
3642553/location/2	Yau Tsim Mong District
3642561/name/0	KG Garden Guest House
3642561/location/0	Tsim Sha Tsui
3642561/location/1	Kowloon
3642561/location/2	Yau Tsim Mong District
3643192/name/0	The Comfort Living Inn
3643192/location/0	Sham Shui Po District
3643192/location/1	Kowloon
3643238/name/0	Marrigold Hostel
3643238/location/0	Tsim Sha Tsui
3643238/location/1	Kowloon
3643238/location/2	Yau Tsim Mong District
3644141/name/0	Hung Kiu Guesthouse
3644141/location/0	Tsim Sha Tsui
3644141/location/1	Kowloon
3644141/location/2	Yau Tsim Mong District
3644716/name/0	Strawberry Guest House
3644716/location/0	Kowloon
3644716/location/1	Jordan / Yau Ma Tei
3644716/location/2	Austin
3644716/location/3	Yau Tsim Mong District
3648041/name/0	1812 Hostel
3648041/location/0	Mong Kok
3648041/location/1	Kowloon
3648041/location/2	Yau Tsim Mong District
3651568/name/0	YHA Ngong Ping SG Davis Youth Hostel
3651568/location/0	New Territories
3651568/location/1	Islands District
3651568/location/2	Lantau Island
3666408/name/0	Wonderful Inn
3666408/location/0	Tsim Sha Tsui
3666408/location/1	Kowloon
3666408/location/2	Yau Tsim Mong District
3689572/name/0	Hotel Indigo Hong Kong Island
3689572/location/0	Wan Chai / Causeway Bay
3689572/location/1	Hong Kong Island
3689572/location/2	Southorn Playground
3742260/name/0	Ramada Hong Kong Grand
3742260/location/0	Tsim Sha Tsui
3742260/location/1	Kowloon
3742260/location/2	Yau Tsim Mong District
3746720/name/0	Courtyard Hong Kong Sha Tin
3746720/location/0	New Territories
3746720/location/1	Sha Tin
3749665/name/0	Hong Kong Motel
3749665/location/0	Tsim Sha Tsui
3749665/location/1	Kowloon
3749665/location/2	Yau Tsim Mong District
3786797/name/0	Lander Hotel Prince Edward
3786797/location/0	Sham Shui Po District
3786797/location/1	Nam Cheong
3786797/location/2	Kowloon
3800507/name/0	The Jervois - Full Floor Designer Suite Hotel
3800507/location/0	Sheung Wan
3800507/location/1	Central District
3800507/location/2	Hong Kong Island
3824136/name/0	Kamal Traveller Hostel
3824136/location/0	Tsim Sha Tsui
3824136/location/1	Kowloon
3824136/location/2	Yau Tsim Mong District
3827043/name/0	Xite Express Hotel
3827043/location/0	New Territories
3827043/location/1	Huaqiang North
3827043/location/2	North District
3835772/name/0	Shama Fortress Hill Hong Kong
3835772/location/0	North Point
3835772/location/1	Hong Kong Island
3835772/location/2	Eastern District
3835772/location/3	City Garden
3835783/name/0	Shama Hollywood Hong Kong
3835783/location/0	Wan Chai / Causeway Bay
3835783/location/1	Hong Kong Island
3905477/name/0	New Reliance Inn
3905477/location/0	Tsim Sha Tsui
3905477/location/1	Kowloon
3905477/location/2	Yau Tsim Mong District
3971144/name/0	H.K. Star Guest House
3971144/location/0	Kowloon
3971144/location/1	Yau Tsim Mong District
3971144/location/2	Jordan / Yau Ma Tei
4006013/name/0	Silverview Resort Holiday Hotel Lantau
4006013/location/0	New Territories
4006013/location/1	Islands District
4006013/location/2	Lantau Island
4006017/name/0	99 Bonham All Suite Hotel
4006017/location/0	Sheung Wan
4006017/location/1	Central District
4006017/location/2	Hong Kong Island
4036898/name/0	Lodgewood by L'Hotel Mongkok Hong Kong
4036898/location/0	Mong Kok
4036898/location/1	Kowloon
4036898/location/2	Yau Tsim Mong District
4062917/name/0	Twenty One Whitfield
4062917/location/0	Hong Kong Island
4062917/location/1	Tin Hau
4068365/name/0	Ring Wood Guest House
4068365/location/0	Tsim Sha Tsui
4068365/location/1	Kowloon
4068365/location/2	Yau Tsim Mong District
4068371/name/0	Me Easy Hostel
4068371/location/0	Mong Kok
4068371/location/1	Kowloon
4068371/location/2	Yau Tsim Mong District
4081775/name/0	7 Days Inn Shenzhen Futian Port Subway Station
4081775/location/0	New Territories
4081775/location/1	Yuen Long
4089904/name/0	Eaton Residences, Village Road
4089904/location/0	Happy Valley
4089904/location/1	Hong Kong Island
4092430/name/0	Queen's 100
4092430/location/0	Sheung Wan
4092430/location/1	Western (Sai Wan)
4092430/location/2	Hong Kong Island
4092430/location/3	Central District
4096958/name/0	Knight on Wyndham Serviced Residence
4096958/location/0	Central District
4096958/location/1	Central
4096958/location/2	Hong Kong Island
4114500/name/0	218 Apartment
4114500/location/0	Wan Chai / Causeway Bay
4114500/location/1	Hong Kong Island
4114531/name/0	The Putman All Suite Hotel
4114531/location/0	Sheung Wan
4114531/location/1	Central District
4114531/location/2	Hong Kong Island
4114544/name/0	Eaton Residences, Wan Chai Gap Road
4114544/location/0	Hong Kong Island
4114544/location/1	Southorn Playground
4114546/name/0	Yin Serviced Apartments
4114546/location/0	Central District
4114546/location/1	Central
4114546/location/2	Hong Kong Island
4174410/name/0	Mier Serviced Apartments
4174410/location/0	Central District
4174410/location/1	Hong Kong Island
4178492/name/0	I-Hotel Limited
4178492/location/0	Tsim Sha Tsui
4178492/location/1	Kowloon
4178492/location/2	Yau Tsim Mong District
4218384/name/0	Casa Deluxe Hotel
4218384/location/0	Kowloon
4218384/location/1	Yau Tsim Mong District
4218384/location/2	Jordan / Yau Ma Tei
4300405/name/0	Stanley Oriental Hotel
4300405/location/0	Stanley
4300405/location/1	Hong Kong Island
4300405/location/2	Southern District
4354451/name/0	Alohas Hostel
4354451/location/0	Kowloon
4354451/location/1	Yau Tsim Mong District
4354451/location/2	Jordan / Yau Ma Tei
4372925/name/0	Kowloon Budget Hostel
4372925/location/0	Tsim Sha Tsui
4372925/location/1	Kowloon
4372925/location/2	Yau Tsim Mong District
4477769/name/0	Urban Pack
4477769/location/0	Tsim Sha Tsui
4477769/location/1	Kowloon
4477769/location/2	Yau Tsim Mong District
4508496/name/0	KK Hotel
4508496/location/0	Tsim Sha Tsui
4508496/location/1	Kowloon
4508496/location/2	Yau Tsim Mong District
4520447/name/0	Dadol Hotel
4520447/location/0	Tsim Sha Tsui
4520447/location/1	Kowloon
4520447/location/2	Yau Tsim Mong District
4540753/name/0	Sing Yuet Hostel
4540753/location/0	Mong Kok
4540753/location/1	Kowloon
4540753/location/2	Yau Tsim Mong District
4567283/name/0	Hotel Pandora
4567283/location/0	Kowloon
4567283/location/1	Yau Tsim Mong District
4567283/location/2	Jordan / Yau Ma Tei
4585733/name/0	Pentahotel Hong Kong, Kowloon
4585733/location/0	San Po Kong
4585733/location/1	Wong Tai Sin District
4585733/location/2	Kowloon
4605787/name/0	Brighton Hotel Hong Kong
4605787/location/0	Wan Chai / Causeway Bay
4605787/location/1	Hong Kong Island
4605787/location/2	Southorn Playground
4682875/name/0	Zhonggang Business Hotel
4682875/location/0	Mong Kok
4682875/location/1	Kowloon
4682875/location/2	Yau Tsim Mong District
4682876/name/0	Yiu Fai Guest House
4682876/location/0	Tsim Sha Tsui
4682876/location/1	Kowloon
4682876/location/2	Yau Tsim Mong District
4682884/name/0	8Days Boutique Hotel
4682884/location/0	Mong Kok
4682884/location/1	Kowloon
4682884/location/2	Yau Tsim Mong District
4682887/name/0	Tai Wah Guest House
4682887/location/0	Tsim Sha Tsui
4682887/location/1	Kowloon
4682887/location/2	Yau Tsim Mong District
4683820/name/0	Hong Kong Boutique Hotel
4683820/location/0	Tsim Sha Tsui
4683820/location/1	Kowloon
4683820/location/2	Yau Tsim Mong District
4684125/name/0	Jordan Huangdu Hotel
4684125/location/0	Kowloon
4684125/location/1	Jordan / Yau Ma Tei
4684125/location/2	Austin
4684125/location/3	Yau Tsim Mong District
4770490/name/0	Rainbow Lodge Hong Kong
4770490/location/0	Tsim Sha Tsui
4770490/location/1	Kowloon
4770490/location/2	Yau Tsim Mong District
4799530/name/0	9 Boutique Hotel
4799530/location/0	Wan Chai / Causeway Bay
4799530/location/1	Hong Kong Island
4872213/name/0	Kam Fu Guest House Mongkok
4872213/location/0	Kowloon
4872213/location/1	Yau Tsim Mong District
4872213/location/2	Jordan / Yau Ma Tei
4872267/name/0	Beverly Guest House
4872267/location/0	Tsim Sha Tsui
4872267/location/1	Kowloon
4872267/location/2	Yau Tsim Mong District
5014529/name/0	Residence G Hong Kong
5014529/location/0	Tsim Sha Tsui
5014529/location/1	Kowloon
5014529/location/2	Yau Tsim Mong District
5213635/name/0	Hotel Conext
5213635/location/0	Kowloon
5213635/location/1	Yau Tsim Mong District
5213635/location/2	Jordan / Yau Ma Tei
5285824/name/0	ColorZ Hostel
5285824/location/0	Tsim Sha Tsui
5285824/location/1	Kowloon
5285824/location/2	Yau Tsim Mong District
5316827/name/0	New Cosmos Guest House
5316827/location/0	Kowloon
5316827/location/1	Jordan / Yau Ma Tei
5316827/location/2	Austin
5316827/location/3	Yau Tsim Mong District
5379851/name/0	Kam Do Guest house
5379851/location/0	Kowloon
5379851/location/1	Yau Tsim Mong District
5379851/location/2	Jordan / Yau Ma Tei
5533349/name/0	Tom's Guest House
5533349/location/0	Tsim Sha Tsui
5533349/location/1	Kowloon
5533349/location/2	Yau Tsim Mong District
5545219/name/0	VP Hotel
5545219/location/0	Kowloon
5545219/location/1	Yau Tsim Mong District
5774479/name/0	Garden Hotel
5774479/location/0	Mong Kok
5774479/location/1	Kowloon
5774479/location/2	Yau Tsim Mong District
5827422/name/0	Maharaja Guesthouse
5827422/location/0	Tsim Sha Tsui
5827422/location/1	Kowloon
5827422/location/2	Yau Tsim Mong District
5989574/name/0	LEO Inn Hong Kong
5989574/location/0	Tsim Sha Tsui
5989574/location/1	Kowloon
5989574/location/2	Yau Tsim Mong District
6021624/name/0	Yuewan Business Hotel
6021624/location/0	New Territories
6021624/location/1	North District
6034302/name/0	Le Prabelle Hotel
6034302/location/0	Mong Kok
6034302/location/1	Kowloon
6034302/location/2	Yau Tsim Mong District
6161073/name/0	Pearl Premium Guest House - Premium Guest House Limited
6161073/location/0	Tsim Sha Tsui
6161073/location/1	Kowloon
6161073/location/2	Yau Tsim Mong District
6205305/name/0	Inn Spirit
6205305/location/0	Tsim Sha Tsui
6205305/location/1	Kowloon
6205305/location/2	Yau Tsim Mong District
6205570/name/0	Heritage Lodge
6205570/location/0	Sham Shui Po District
6205570/location/1	Kowloon
6228594/name/0	Mingdu Business Hotel
6228594/location/0	Mong Kok
6228594/location/1	Kowloon
6228594/location/2	Yau Tsim Mong District
6228603/name/0	Baile Hotel Mirador Mansion
6228603/location/0	Kowloon
6228603/location/1	Yau Tsim Mong District
6228605/name/0	Hotel Cha Cha
6228605/location/0	Tsim Sha Tsui
6228605/location/1	Kowloon
6228605/location/2	Yau Tsim Mong District
6228609/name/0	J2 Guest House
6228609/location/0	Tsim Sha Tsui
6228609/location/1	Kowloon
6228609/location/2	Yau Tsim Mong District
6387173/name/0	S Hotel Hong Kong Causeway Bay
6387173/location/0	Western (Sai Wan)
6387173/location/1	Hong Kong Island
6387173/location/2	Water Street
6387173/location/3	Western District
6419088/name/0	Ovolo Southside
6419088/location/0	Hong Kong Island
6419088/location/1	Southern District
6419088/location/2	Wong Chuk Hang
6457482/name/0	Move Inn
6457482/location/0	Wan Chai / Causeway Bay
6457482/location/1	Hong Kong Island
6457482/location/2	Canal Road
6485790/name/0	The Pottinger Hong Kong
6485790/location/0	Central District
6485790/location/1	Central
6485790/location/2	Hong Kong Island
6498153/name/0	iclub Sheung Wan Hotel
6498153/location/0	Sheung Wan
6498153/location/1	Central District
6498153/location/2	Hong Kong Island
6509948/name/0	Shanghai Hostel HK
6509948/location/0	Tsim Sha Tsui
6509948/location/1	Kowloon
6509948/location/2	Yau Tsim Mong District
6633900/name/0	Temple Street Hotel
6633900/location/0	Kowloon
6633900/location/1	Yau Tsim Mong District
6633900/location/2	Jordan / Yau Ma Tei
6634423/name/0	Panda Hostel Hongkong Tianxing Wharf
6634423/location/0	Tsim Sha Tsui
6634423/location/1	Kowloon
6634423/location/2	Yau Tsim Mong District
6634426/name/0	Panda's Hostel - Hot Dog Bus
6634426/location/0	Tsim Sha Tsui
6634426/location/1	Kowloon
6634426/location/2	Yau Tsim Mong District
6643467/name/0	Season Hotel
6643467/location/0	Tsim Sha Tsui
6643467/location/1	Kowloon
6643467/location/2	Yau Tsim Mong District
6649809/name/0	Paris Hotel Hong Kong
6649809/location/0	Kowloon
6649809/location/1	Yau Tsim Mong District
6649809/location/2	Jordan / Yau Ma Tei
6650312/name/0	Sunrise International - Boutique Hostel
6650312/location/0	Tsim Sha Tsui
6650312/location/1	Kowloon
6650312/location/2	Yau Tsim Mong District
6657997/name/0	Meijing Hotel
6657997/location/0	Mong Kok
6657997/location/1	Kowloon
6657997/location/2	Yau Tsim Mong District
6680375/name/0	Fortune Hotel
6680375/location/0	Mong Kok
6680375/location/1	Kowloon
6680375/location/2	Yau Tsim Mong District
6684682/name/0	Kam Wai Hotel
6684682/location/0	Tsim Sha Tsui
6684682/location/1	Kowloon
6684682/location/2	Yau Tsim Mong District
6730737/name/0	Apple Inn @ Mong Kok
6730737/location/0	Mong Kok
6730737/location/1	Kowloon
6730737/location/2	Yau Tsim Mong District
6730915/name/0	3D Inn Hong Kong - Romance
6730915/location/0	Tsim Sha Tsui
6730915/location/1	Kowloon
6730915/location/2	Yau Tsim Mong District
6817226/name/0	Yue Ka Hotel China HK Far East Consortium Mongkok Building
6817226/location/0	Mong Kok
6817226/location/1	Kowloon
6817226/location/2	Yau Tsim Mong District
6821938/name/0	The Ten Hotel
6821938/location/0	Kowloon City District
6821938/location/1	Kowloon Tong
6821938/location/2	Kowloon
6838646/name/0	Toronto Motel
6838646/location/0	Tsim Sha Tsui
6838646/location/1	Kowloon
6838646/location/2	Yau Tsim Mong District
6838912/name/0	Happy Inn
6838912/location/0	Tsim Sha Tsui
6838912/location/1	Kowloon
6838912/location/2	Yau Tsim Mong District
6838939/name/0	Shenzhen Railway Station West Building Hotel
6838939/location/0	New Territories
6838939/location/1	North District
6894414/name/0	iclub Fortress Hill Hotel
6894414/location/0	North Point
6894414/location/1	Hong Kong Island
6894414/location/2	Eastern District
6894414/location/3	Fortress Hill
6894424/name/0	The Shai Red Hotel
6894424/location/0	Kowloon
6894424/location/1	Yau Tsim Mong District
6894424/location/2	Jordan / Yau Ma Tei
6896484/name/0	Comfort Guest House
6896484/location/0	Tsim Sha Tsui
6896484/location/1	Kowloon
6896484/location/2	Yau Tsim Mong District
6896485/name/0	Taishan Guesthouse Hongkong Haiphong
6896485/location/0	Tsim Sha Tsui
6896485/location/1	Kowloon
6896485/location/2	Yau Tsim Mong District
6896489/name/0	Taishan Hotel Hongkong Xili
6896489/location/0	Tsim Sha Tsui
6896489/location/1	Kowloon
6896489/location/2	Yau Tsim Mong District
6896498/name/0	Kowloon Harbourfront Hotel
6896498/location/0	Kowloon
6896498/location/1	Yau Tsim Mong District
6898106/name/0	Days Hotel HK
6898106/location/0	Tsim Sha Tsui
6898106/location/1	Kowloon
6898106/location/2	Yau Tsim Mong District
6932835/name/0	Xinqicheng Youth Hostel
6932835/location/0	New Territories
6932835/location/1	Yuen Long
6938199/name/0	TUVE
6938199/location/0	North Point
6938199/location/1	Hong Kong Island
6938199/location/2	Eastern District
6938199/location/3	Fortress Hill
6938959/name/0	Just As Inn
6938959/location/0	Tsim Sha Tsui
6938959/location/1	Kowloon
6938959/location/2	Yau Tsim Mong District
6965067/name/0	Causeway Bay Tianjin Hotel
6965067/location/0	Wan Chai / Causeway Bay
6965067/location/1	Hong Kong Island
7065408/name/0	Noble Park Hotel
7065408/location/0	Kowloon
7065408/location/1	Yau Tsim Mong District
7065408/location/2	Jordan / Yau Ma Tei
7068505/name/0	Ruby Hostel
7068505/location/0	Kowloon
7068505/location/1	Yau Tsim Mong District
7068505/location/2	Jordan / Yau Ma Tei
7111323/name/0	O' Hotel
7111323/location/0	Kowloon City District
7111323/location/1	Kowloon
7111324/name/0	Hong Hing Hostel
7111324/location/0	Mong Kok
7111324/location/1	Kowloon
7111324/location/2	Yau Tsim Mong District
7150221/name/0	Motel Happy Peach
7150221/location/0	Tsim Sha Tsui
7150221/location/1	Kowloon
7150221/location/2	Yau Tsim Mong District
7186408/name/0	Gloucester Hotel
7186408/location/0	Wan Chai / Causeway Bay
7186408/location/1	Hong Kong Island
7211407/name/0	The Mahjong
7211407/location/0	Kowloon City District
7211407/location/1	Kowloon
7219960/name/0	Arla Hotel
7219960/location/0	Tsim Sha Tsui
7219960/location/1	Kowloon
7219960/location/2	Yau Tsim Mong District
7261643/name/0	Changxing Hotel
7261643/location/0	New Territories
7261643/location/1	Yuen Long
7264145/name/0	First Class Guest House
7264145/location/0	Tsim Sha Tsui
7264145/location/1	Kowloon
7264145/location/2	Yau Tsim Mong District
7264297/name/0	Dhillon Hotel
7264297/location/0	Tsim Sha Tsui
7264297/location/1	Kowloon
7264297/location/2	Yau Tsim Mong District
7269978/name/0	Ocean Inn
7269978/location/0	Kowloon
7269978/location/1	Yau Tsim Mong District
7269978/location/2	Jordan / Yau Ma Tei
7272139/name/0	Wontonmeen Hostel
7272139/location/0	Kowloon
7272139/location/1	Yau Tsim Mong District
7279554/name/0	Shangrila Guest house
7279554/location/0	Tsim Sha Tsui
7279554/location/1	Kowloon
7279554/location/2	Yau Tsim Mong District
7317347/name/0	Cue Hotel
7317347/location/0	Wan Chai / Causeway Bay
7317347/location/1	Hong Kong Island
7317347/location/2	Tai Fat Hau
7338351/name/0	Somerset Victoria Park Hong Kong
7338351/location/0	Hong Kong Island
7338351/location/1	Tin Hau
7550505/name/0	Galaxy Hotel Causeway Bay HK
7550505/location/0	Wan Chai / Causeway Bay
7550505/location/1	Hong Kong Island
7675547/name/0	Holiday Inn Express Hong Kong Mongkok
7675547/location/0	Mong Kok
7675547/location/1	Kowloon
7675547/location/2	Yau Tsim Mong District
7682815/name/0	Nuts Hotel
7682815/location/0	Tsim Sha Tsui
7682815/location/1	Kowloon
7682815/location/2	Yau Tsim Mong District
7694698/name/0	Hotel Sav Hong Kong
7694698/location/0	Hung Hom
7694698/location/1	Kowloon City District
7694698/location/2	Kowloon
7733039/name/0	M1 Hotel Mong Kok
7733039/location/0	Mong Kok
7733039/location/1	Kowloon
7733039/location/2	Yau Tsim Mong District
7745723/name/0	Hang Fung Hostel
7745723/location/0	Kowloon
7745723/location/1	Yau Tsim Mong District
7745723/location/2	Jordan / Yau Ma Tei
7787337/name/0	Holland Guest House
7787337/location/0	Tsim Sha Tsui
7787337/location/1	Kowloon
7787337/location/2	Yau Tsim Mong District
7807547/name/0	Om Guest House
7807547/location/0	Tsim Sha Tsui
7807547/location/1	Kowloon
7807547/location/2	Yau Tsim Mong District
7814993/name/0	Hoho Hostel
7814993/location/0	Kowloon
7814993/location/1	Yau Tsim Mong District
7814993/location/2	Jordan / Yau Ma Tei
7830239/name/0	One96 - Elegant Full Floor Suite Hotel
7830239/location/0	Sheung Wan
7830239/location/1	Central District
7830239/location/2	Hong Kong Island
7854045/name/0	Ukkei Inn
7854045/location/0	Kowloon
7854045/location/1	Yau Tsim Mong District
7854045/location/2	Jordan / Yau Ma Tei
8004242/name/0	World Wide GuestHouse
8004242/location/0	Tsim Sha Tsui
8004242/location/1	Kowloon
8004242/location/2	Yau Tsim Mong District
8037145/name/0	Cebu Hotel
8037145/location/0	Tsim Sha Tsui
8037145/location/1	Kowloon
8037145/location/2	Yau Tsim Mong District
8046899/name/0	Dayan Petit Resort
8046899/location/0	New Territories
8046899/location/1	Islands District
8046899/location/2	Lamma Island
8064563/name/0	Super Inn
8064563/location/0	Tsim Sha Tsui
8064563/location/1	Kowloon
8064563/location/2	Yau Tsim Mong District
8105837/name/0	Harbour Bay Hotel
8105837/location/0	Tsim Sha Tsui
8105837/location/1	Kowloon
8105837/location/2	Yau Tsim Mong District
8145994/name/0	Popway Hotel
8145994/location/0	Tsim Sha Tsui
8145994/location/1	Kowloon
8145994/location/2	Yau Tsim Mong District
8151827/name/0	Modern Inn
8151827/location/0	Tsim Sha Tsui
8151827/location/1	Kowloon
8151827/location/2	Yau Tsim Mong District
8299197/name/0	Panda Boutique Hostel
8299197/location/0	Mong Kok
8299197/location/1	Kowloon
8299197/location/2	Yau Tsim Mong District
8316832/name/0	The Perkin Hotel
8316832/location/0	Tsim Sha Tsui
8316832/location/1	Kowloon
8316832/location/2	Yau Tsim Mong District
8384581/name/0	Hotel Pravo Hong Kong
8384581/location/0	Tsim Sha Tsui
8384581/location/1	Kowloon
8384581/location/2	Yau Tsim Mong District
8384593/name/0	Hotel Skylark
8384593/location/0	Tsim Sha Tsui
8384593/location/1	Kowloon
8384593/location/2	Yau Tsim Mong District
8421943/name/0	Marria Guest House
8421943/location/0	Tsim Sha Tsui
8421943/location/1	Kowloon
8421943/location/2	Yau Tsim Mong District
8471354/name/0	Commune Castle Peak
8471354/location/0	New Territories
8471354/location/1	Tsuen Wan
8481644/name/0	Conference Lodge
8481644/location/0	New Territories
8481644/location/1	Sai Kung
8522570/name/0	Hotel Madera Hollywood
8522570/location/0	Central District
8522570/location/1	Central
8522570/location/2	Hong Kong Island
8555622/name/0	Tai Wah Hostel
8555622/location/0	Tsim Sha Tsui
8555622/location/1	Kowloon
8555622/location/2	Yau Tsim Mong District
8555726/name/0	Fortune Inn Hong Kong
8555726/location/0	Tsim Sha Tsui
8555726/location/1	Kowloon
8555726/location/2	Yau Tsim Mong District
8563150/name/0	Grand City Hotel
8563150/location/0	Western (Sai Wan)
8563150/location/1	Hong Kong Island
8563150/location/2	Western District
8564567/name/0	Sleep In Hotel
8564567/location/0	Tsim Sha Tsui
8564567/location/1	Kowloon
8564567/location/2	Yau Tsim Mong District
8601055/name/0	Asia Inn
8601055/location/0	Tsim Sha Tsui
8601055/location/1	Kowloon
8601055/location/2	Yau Tsim Mong District
8606868/name/0	Hotel Stage
8606868/location/0	Kowloon
8606868/location/1	Yau Tsim Mong District
8606868/location/2	Jordan / Yau Ma Tei
8608127/name/0	Metroplace Boutique Hotel
8608127/location/0	Sham Shui Po District
8608127/location/1	Nam Cheong
8608127/location/2	Kowloon
8610263/name/0	Naruto Inn
8610263/location/0	Tsim Sha Tsui
8610263/location/1	Kowloon
8610263/location/2	Yau Tsim Mong District
8610637/name/0	Lam Shan - Pakho Hostel
8610637/location/0	Mong Kok
8610637/location/1	Kowloon
8610637/location/2	Yau Tsim Mong District
8630075/name/0	Miu Ceon Wing On Hotel
8630075/location/0	Mong Kok
8630075/location/1	Kowloon
8630075/location/2	Yau Tsim Mong District
8634203/name/0	Reliance Inn
8634203/location/0	Tsim Sha Tsui
8634203/location/1	Kowloon
8634203/location/2	Yau Tsim Mong District
8667208/name/0	HK Sky House
8667208/location/0	Kowloon
8667208/location/1	Yau Tsim Mong District
8667208/location/2	Jordan / Yau Ma Tei
8701489/name/0	eLog Inn-Fest
8701489/location/0	Kowloon
8701489/location/1	Yau Tsim Mong District
8701489/location/2	Jordan / Yau Ma Tei
8705982/name/0	M1 Hotel North Point
8705982/location/0	North Point
8705982/location/1	Hong Kong Island
8705982/location/2	Eastern District
8705982/location/3	Fortress Hill
8774736/name/0	Seaview Holiday Resort
8774736/location/0	New Territories
8774736/location/1	Islands District
8774736/location/2	Lantau Island
8775615/name/0	Licheng Hotel
8775615/location/0	Tsim Sha Tsui
8775615/location/1	Kowloon
8775615/location/2	Yau Tsim Mong District
8779068/name/0	PP Place
8779068/location/0	Tsim Sha Tsui
8779068/location/1	Kowloon
8779068/location/2	Yau Tsim Mong District
8799503/name/0	Berlin Hotel
8799503/location/0	Kowloon
8799503/location/1	Yau Tsim Mong District
8799503/location/2	Jordan / Yau Ma Tei
8826543/name/0	Eco Tree Hotel Hong Kong
8826543/location/0	Western (Sai Wan)
8826543/location/1	Hong Kong Island
8826543/location/2	Sai Ying Pun
8826543/location/3	Western District
8836669/name/0	Tabi88 Hostel
8836669/location/0	Tsim Sha Tsui
8836669/location/1	Kowloon
8836669/location/2	Yau Tsim Mong District
8874904/name/0	Inn De Go
8874904/location/0	Tsim Sha Tsui
8874904/location/1	Kowloon
8874904/location/2	Yau Tsim Mong District
9453847/name/0	Traveller's Pack Hostel
9453847/location/0	Tsim Sha Tsui
9453847/location/1	Kowloon
9453847/location/2	Yau Tsim Mong District
9559853/name/0	Shenzhen Luohu Railway Station Hotel - Commercial Building
9559853/location/0	New Territories
9559853/location/1	North District
9581187/name/0	New Tokyo Hostel
9581187/location/0	Tsim Sha Tsui
9581187/location/1	Kowloon
9581187/location/2	Yau Tsim Mong District
9601544/name/0	Vincent Hill Guest House
9601544/location/0	Tsim Sha Tsui
9601544/location/1	Kowloon
9601544/location/2	Yau Tsim Mong District
9608411/name/0	Golden Guesthouse
9608411/location/0	Kowloon
9608411/location/1	Yau Tsim Mong District
9608411/location/2	Jordan / Yau Ma Tei
9696081/name/0	Jas Guest House
9696081/location/0	Tsim Sha Tsui
9696081/location/1	Kowloon
9696081/location/2	Yau Tsim Mong District
9706239/name/0	The Olympian Hong Kong
9706239/location/0	Olympic
9706239/location/1	Kowloon
9706239/location/2	Yau Tsim Mong District
9735380/name/0	Tai Wah Boutique Hostel
9735380/location/0	Tsim Sha Tsui
9735380/location/1	Kowloon
9735380/location/2	Yau Tsim Mong District
9792338/name/0	Shanghai Red Hotel
9792338/location/0	Kowloon
9792338/location/1	Yau Tsim Mong District
9792338/location/2	Jordan / Yau Ma Tei
9856845/name/0	Home Plus Inn
9856845/location/0	Wan Chai / Causeway Bay
9856845/location/1	Hong Kong Island
9856845/location/2	Tai Fat Hau
9869410/name/0	Metro Winner Hotel
9869410/location/0	Kowloon
9869410/location/1	Yau Tsim Mong District
10004533/name/0	Homy Inn North Point
10004533/location/0	North Point
10004533/location/1	Hong Kong Island
10004533/location/2	Eastern District
10004533/location/3	Fortress Hill
10049505/name/0	Hawaii International Hotel
10049505/location/0	Tsim Sha Tsui
10049505/location/1	Kowloon
10049505/location/2	Yau Tsim Mong District
10200128/name/0	China Emperor hotel
10200128/location/0	Tsim Sha Tsui
10200128/location/1	Kowloon
10200128/location/2	Yau Tsim Mong District
10238682/name/0	Paradise Guest House
10238682/location/0	Tsim Sha Tsui
10238682/location/1	Kowloon
10238682/location/2	Yau Tsim Mong District
10446642/name/0	Miluo Bojue Hotel
10446642/location/0	New Territories
10446642/location/1	North District
10447821/name/0	Premium Guest House
10447821/location/0	Tsim Sha Tsui
10447821/location/1	Kowloon
10447821/location/2	Yau Tsim Mong District
10482416/name/0	Icon Inn
10482416/location/0	Kowloon
10482416/location/1	Yau Tsim Mong District
10482416/location/2	Jordan / Yau Ma Tei
10522126/name/0	Jolly Guesthouse
10522126/location/0	New Territories
10522126/location/1	Islands District
10522126/location/2	Cheung Chau
10691787/name/0	Majestic7Guesthouse
10691787/location/0	Tsim Sha Tsui
10691787/location/1	Kowloon
10691787/location/2	Yau Tsim Mong District
10711748/name/0	Pop Inn
10711748/location/0	Kowloon
10711748/location/1	Yau Tsim Mong District
10711748/location/2	Jordan / Yau Ma Tei
10711768/name/0	City Oasis Guest House
10711768/location/0	New Territories
10711768/location/1	Islands District
10711768/location/2	Lantau Island
10769652/name/0	Tempo Inn
10769652/location/0	Kowloon
10769652/location/1	Yau Tsim Mong District
10769652/location/2	Jordan / Yau Ma Tei
10886178/name/0	Lanhuaxuan Hotel
10886178/location/0	Kowloon
10886178/location/1	Yau Tsim Mong District
10886178/location/2	Jordan / Yau Ma Tei
11434269/name/0	Le Petit Rosedale Hotel Hong Kong
11434269/location/0	Victoria Park
11434269/location/1	Hong Kong Island
11609706/name/0	Homy Hotel Central
11609706/location/0	Sheung Wan
11609706/location/1	Central District
11609706/location/2	Hong Kong Island
11626720/name/0	Burlington Hotel
11626720/location/0	Wan Chai / Causeway Bay
11626720/location/1	Hong Kong Island
11626720/location/2	Tai Fat Hau
11650523/name/0	Xihu Hotel
11650523/location/0	Kowloon
11650523/location/1	Yau Tsim Mong District
11650523/location/2	Jordan / Yau Ma Tei
11650524/name/0	Mingting Hotel
11650524/location/0	Tsim Sha Tsui
11650524/location/1	Kowloon
11650524/location/2	Yau Tsim Mong District
11742393/name/0	Legend Guest House Hong Kong
11742393/location/0	Tsim Sha Tsui
11742393/location/1	Kowloon
11742393/location/2	Yau Tsim Mong District
11772135/name/0	Hilton Garden Inn Hong Kong Mongkok
11772135/location/0	Mong Kok
11772135/location/1	Kowloon
11772135/location/2	Yau Tsim Mong District
11800388/name/0	Tai O Inn, by the Sea
11800388/location/0	New Territories
11800388/location/1	Islands District
11800388/location/2	Lantau Island
11815694/name/0	attitude on granville
11815694/location/0	Tsim Sha Tsui
11815694/location/1	Kowloon
11815694/location/2	Yau Tsim Mong District
11849409/name/0	K&B Hostel
11849409/location/0	Kowloon
11849409/location/1	Yau Tsim Mong District
11849409/location/2	Jordan / Yau Ma Tei
11850316/name/0	3D Inn Hong Kong - Dragon
11850316/location/0	Tsim Sha Tsui
11850316/location/1	Kowloon
11850316/location/2	Yau Tsim Mong District
11888867/name/0	Minimal Hotel . Culture
11888867/location/0	Sham Shui Po District
11888867/location/1	Nam Cheong
11888867/location/2	Kowloon
12030071/name/0	Silka Tsuen Wan, Hong Kong
12030071/location/0	New Territories
12030071/location/1	Kwai Tsing
12078257/name/0	Hotel Skycity
12078257/location/0	Tsim Sha Tsui
12078257/location/1	Kowloon
12078257/location/2	Yau Tsim Mong District
12109579/name/0	Lap Shun Hostel
12109579/location/0	Kowloon
12109579/location/1	Yau Tsim Mong District
12109579/location/2	Jordan / Yau Ma Tei
12157399/name/0	Disney Explorers Lodge
12157399/location/0	New Territories
12157399/location/1	Islands District
12157399/location/2	Discovery Bay
12157906/name/0	Solar Villas
12157906/location/0	New Territories
12157906/location/1	Tsuen Wan
12157906/location/2	Tsuen Wan West
12161130/name/0	Sleeep
12161130/location/0	Sheung Wan
12161130/location/1	Central District
12161130/location/2	Hong Kong Island
12161139/name/0	Kowloon King's Hotel
12161139/location/0	Kowloon
12161139/location/1	Yau Tsim Mong District
12161139/location/2	Jordan / Yau Ma Tei
12188441/name/0	Camlux Hotel
12188441/location/0	Kowloon Bay
12188441/location/1	Kowloon
12188441/location/2	Kwun Tong District
12199780/name/0	Mingdu Hotel
12199780/location/0	Kowloon
12199780/location/1	Yau Tsim Mong District
12199780/location/2	Jordan / Yau Ma Tei
12268752/name/0	Metroplace Olympic Hotel
12268752/location/0	Tai Kok Tsui
12268752/location/1	Kowloon
12268752/location/2	Yau Tsim Mong District
12275837/name/0	Joyous Guest House
12275837/location/0	Tsim Sha Tsui
12275837/location/1	Kowloon
12275837/location/2	Yau Tsim Mong District
12278622/name/0	Budget Hostel
12278622/location/0	Tsim Sha Tsui
12278622/location/1	Kowloon
12278622/location/2	Yau Tsim Mong District
12282743/name/0	Wing Wah Hostel
12282743/location/0	Mong Kok
12282743/location/1	Kowloon
12282743/location/2	Yau Tsim Mong District
12284920/name/0	Hop Inn on Mody
12284920/location/0	Tsim Sha Tsui
12284920/location/1	Kowloon
12284920/location/2	Yau Tsim Mong District
12295584/name/0	Tianjin Hotel
12295584/location/0	Wan Chai / Causeway Bay
12295584/location/1	Hong Kong Island
12309689/name/0	Hotel Hart
12309689/location/0	Tsim Sha Tsui
12309689/location/1	Kowloon
12309689/location/2	Yau Tsim Mong District
12317744/name/0	Little Tai Hang Hotel & Serviced Apartments
12317744/location/0	Hong Kong Island
12317744/location/1	Tin Hau
12361403/name/0	Hotel 108 Hong Kong
12361403/location/0	Mong Kok
12361403/location/1	Kowloon
12361403/location/2	Yau Tsim Mong District
12361895/name/0	iclub Ma Tau Wai Hotel
12361895/location/0	Kowloon City District
12361895/location/1	To Kwa Wan
12361895/location/2	Kowloon
12403779/name/0	One-Eight-One Hotel & Serviced Residences
12403779/location/0	Western (Sai Wan)
12403779/location/1	Hong Kong Island
12403779/location/2	Shek Tong Tsui
12403779/location/3	Western District
12533780/name/0	Everest Inn Guest House
12533780/location/0	Tsim Sha Tsui
12533780/location/1	Kowloon
12533780/location/2	Yau Tsim Mong District
12543028/name/0	Wee.Classic Inn
12543028/location/0	Tsim Sha Tsui
12543028/location/1	Kowloon
12543028/location/2	Yau Tsim Mong District
12631638/name/0	Shinny Inn
12631638/location/0	Kowloon
12631638/location/1	Yau Tsim Mong District
12631638/location/2	Jordan / Yau Ma Tei
12647829/name/0	Pentahotel Hong Kong, Tuen Mun
12647829/location/0	New Territories
12647829/location/1	Tuen Mun
12820311/name/0	Hotel Skyview
12820311/location/0	Tsim Sha Tsui
12820311/location/1	Kowloon
12820311/location/2	Yau Tsim Mong District
12820351/name/0	Hotel Cozi Wetland
12820351/location/0	Ping Shan
12820351/location/1	New Territories
12820351/location/2	Yuen Long
12820351/location/3	Tin Shui Wai
12852724/name/0	The Green House
12852724/location/0	Tsim Sha Tsui
12852724/location/1	Kowloon
12852724/location/2	Yau Tsim Mong District
12884542/name/0	Singapore Youth Hostel
12884542/location/0	Tsim Sha Tsui
12884542/location/1	Kowloon
12884542/location/2	Yau Tsim Mong District
12940721/name/0	Hotel Ease Access . Wan Chai
12940721/location/0	Wan Chai / Causeway Bay
12940721/location/1	Hong Kong Island
12958265/name/0	Thai OG hotel
12958265/location/0	Kowloon
12958265/location/1	Yau Tsim Mong District
12958265/location/2	Jordan / Yau Ma Tei
12962938/name/0	Unique Hotel
12962938/location/0	Tsim Sha Tsui
12962938/location/1	Kowloon
12962938/location/2	Yau Tsim Mong District
12965360/name/0	Hotel Ease • Tsuen Wan
12965360/location/0	New Territories
12965360/location/1	Kwai Tsing
12980819/name/0	L'etoile de Mer - Hostel
12980819/location/0	Wan Chai / Causeway Bay
12980819/location/1	Hong Kong Island
13009537/name/0	The Murray, Hong Kong, a Niccolo Hotel
13009537/location/0	Central District
13009537/location/1	Central
13009537/location/2	Hong Kong Island
13197788/name/0	Himalaya Guest House
13197788/location/0	Tsim Sha Tsui
13197788/location/1	Kowloon
13197788/location/2	Yau Tsim Mong District
13215104/name/0	The Emperor Hotel
13215104/location/0	Hong Kong Island
13215104/location/1	Stubbs Road
13229813/name/0	Shama Island North Hong Kong
13229813/location/0	North Point
13229813/location/1	Hong Kong Island
13229813/location/2	Eastern District
13229813/location/3	Fortress Hill
13271963/name/0	Hotel Ease Access • Tsuen Wan
13271963/location/0	New Territories
13271963/location/1	Kwai Tsing
13271963/location/2	Kwai Fong
13303269/name/0	Mojo Nomad Aberdeen Harbour
13303269/location/0	Tin Wan
13303269/location/1	Hong Kong Island
13303269/location/2	Southern District
13371442/name/0	Tempo Inn - Cozy
13371442/location/0	Kowloon
13371442/location/1	Yau Tsim Mong District
13371442/location/2	Jordan / Yau Ma Tei
13384111/name/0	Soravit on Granville
13384111/location/0	Tsim Sha Tsui
13384111/location/1	Kowloon
13384111/location/2	Yau Tsim Mong District
13390993/name/0	The Otto Hotel
13390993/location/0	Tsim Sha Tsui
13390993/location/1	Kowloon
13390993/location/2	Yau Tsim Mong District
13395146/name/0	Hotel COZi ∙ Harbour View
13395146/location/0	Kwun Tong
13395146/location/1	Kowloon
13395146/location/2	Kwun Tong District
13395149/name/0	Hotel COZi.Oasis
13395149/location/0	New Territories
13395149/location/1	Kwai Tsing
13395149/location/2	Kwai Fong
13516076/name/0	Toronto Holidays
13516076/location/0	Kowloon
13516076/location/1	Yau Tsim Mong District
13516076/location/2	Jordan / Yau Ma Tei
13953222/name/0	Celltronik Hotel
13953222/location/0	Tsim Sha Tsui
13953222/location/1	Kowloon
13953222/location/2	Yau Tsim Mong District
13993106/name/0	Atlas Hostel & Backpackers
13993106/location/0	Tsim Sha Tsui
13993106/location/1	Kowloon
13993106/location/2	Yau Tsim Mong District
13993306/name/0	The BEACON
13993306/location/0	Mong Kok
13993306/location/1	Kowloon
13993306/location/2	Yau Tsim Mong District
14011102/name/0	The Cove Hostel - Tong Fuk Dolphin
14011102/location/0	New Territories
14011102/location/1	Islands District
14011102/location/2	Lantau Island
14100595/name/0	Hyatt Centric Victoria Harbour Hong Kong
14100595/location/0	North Point
14100595/location/1	Hong Kong Island
14100595/location/2	Eastern District
14100595/location/3	Fortress Hill
14194396/name/0	WE Hotel
14194396/location/0	Western (Sai Wan)
14194396/location/1	Hong Kong Island
14194396/location/2	Western District
14794530/name/0	AKVO Hotel
14794530/location/0	Sheung Wan
14794530/location/1	Central District
14794530/location/2	Hong Kong Island
15020323/name/0	CM+ Hotels and Serviced Apartments
15020323/location/0	Sheung Wan
15020323/location/1	Central District
15020323/location/2	Hong Kong Island
15050962/name/0	ind Hotel
15050962/location/0	Kwun Tong
15050962/location/1	Kowloon
15050962/location/2	Kwun Tong District
15074425/name/0	The Pier Hotel
15074425/location/0	New Territories
15074425/location/1	Sai Kung
15083690/name/0	Bohol Hotel
15083690/location/0	Tsim Sha Tsui
15083690/location/1	Kowloon
15083690/location/2	Yau Tsim Mong District
15089398/name/0	Head Sun Guest Houses
15089398/location/0	Tsim Sha Tsui
15089398/location/1	Kowloon
15089398/location/2	Yau Tsim Mong District
15097295/name/0	Golden Guest House
15097295/location/0	Tsim Sha Tsui
15097295/location/1	Kowloon
15097295/location/2	Yau Tsim Mong District
15106475/name/0	Timehouse
15106475/location/0	Wan Chai / Causeway Bay
15106475/location/1	Hong Kong Island
15113569/name/0	Sandhu Hotel
15113569/location/0	Tsim Sha Tsui
15113569/location/1	Kowloon
15113569/location/2	Yau Tsim Mong District
15125253/name/0	IW Hotel
15125253/location/0	Kwun Tong
15125253/location/1	Kowloon
15125253/location/2	Kwun Tong District
15127289/name/0	Mira Inn
15127289/location/0	Tsim Sha Tsui
15127289/location/1	Kowloon
15127289/location/2	Yau Tsim Mong District
15142957/name/0	UP Hotel
15142957/location/0	Kowloon
15142957/location/1	Yau Tsim Mong District
15142957/location/2	Jordan / Yau Ma Tei
15183272/name/0	Tung Nam Lou Art Hotel
15183272/location/0	Kowloon
15183272/location/1	Yau Tsim Mong District
15183272/location/2	Jordan / Yau Ma Tei
15184316/name/0	Whole Sunshine International Hotel
15184316/location/0	Tsim Sha Tsui
15184316/location/1	Kowloon
15184316/location/2	Yau Tsim Mong District
15198002/name/0	Holiday Inn Express Hong Kong Kowloon CBD2
15198002/location/0	Kwun Tong
15198002/location/1	Kowloon
15198002/location/2	Kwun Tong District
15232433/name/0	Butterfly on LKF
15232433/location/0	Central District
15232433/location/1	Central
15232433/location/2	Hong Kong Island
15239972/name/0	Philippine Hostel
15239972/location/0	Tsim Sha Tsui
15239972/location/1	Kowloon
15239972/location/2	Yau Tsim Mong District
15288613/name/0	MY Hotel Causeway Bay
15288613/location/0	Wan Chai / Causeway Bay
15288613/location/1	Hong Kong Island
15288616/name/0	Hong Kong Ocean Park Marriott Hotel
15288616/location/0	Bays Area
15288616/location/1	Hong Kong Island
15288616/location/2	Southern District
15557053/name/0	Mirador Guest House
15557053/location/0	Tsim Sha Tsui
15557053/location/1	Kowloon
15557053/location/2	Yau Tsim Mong District
15573306/name/0	Dash Hotel on Minden
15573306/location/0	Tsim Sha Tsui
15573306/location/1	Kowloon
15573306/location/2	Yau Tsim Mong District
15618306/name/0	Rosewood Hong Kong
15618306/location/0	Tsim Sha Tsui
15618306/location/1	Kowloon
15618306/location/2	Yau Tsim Mong District
15661619/name/0	Page148
15661619/location/0	Tsim Sha Tsui
15661619/location/1	Kowloon
15661619/location/2	Yau Tsim Mong District
15694285/name/0	Peace Guest House
15694285/location/0	Tsim Sha Tsui
15694285/location/1	Kowloon
15694285/location/2	Yau Tsim Mong District
15755033/name/0	K11 ARTUS
15755033/location/0	Tsim Sha Tsui
15755033/location/1	Kowloon
15755033/location/2	Yau Tsim Mong District
15841955/name/0	Starpacker
15841955/location/0	Tsim Sha Tsui
15841955/location/1	Kowloon
15841955/location/2	Yau Tsim Mong District
16667304/name/0	iclub Mong Kok Hotel
16667304/location/0	Mong Kok
16667304/location/1	Kowloon
16667304/location/2	Tai Kok Tsui
16667304/location/3	Yau Tsim Mong District
16765675/name/0	Kwong Hang Travel Guesthouse
16765675/location/0	Kowloon
16765675/location/1	Yau Tsim Mong District
16765675/location/2	Jordan / Yau Ma Tei
16769346/name/0	Pandora After 80s Jordan
16769346/location/0	Kowloon
16769346/location/1	Yau Tsim Mong District
16769346/location/2	Jordan / Yau Ma Tei
16803830/name/0	Atlas GuestHouse Backpackers
16803830/location/0	Tsim Sha Tsui
16803830/location/1	Kowloon
16803830/location/2	Yau Tsim Mong District
16828613/name/0	Swiss Hostel
16828613/location/0	Tsim Sha Tsui
16828613/location/1	Kowloon
16828613/location/2	Yau Tsim Mong District
16868063/name/0	Kactus Hotel
16868063/location/0	Sham Shui Po District
16868063/location/1	Nam Cheong
16868063/location/2	Kowloon
16904335/name/0	Hotel COZi Resort Tuen Mun
16904335/location/0	New Territories
16904335/location/1	Tuen Mun
16913872/name/0	The St. Regis Hong Kong
16913872/location/0	Wan Chai / Causeway Bay
16913872/location/1	Hong Kong Island
16913872/location/2	Hennessy Road
17325705/name/0	Hotel Purple
17325705/location/0	North Point
17325705/location/1	Hong Kong Island
17325705/location/2	Eastern District
17325705/location/3	Fortress Hill
17458049/name/0	Innogo Hotel
17458049/location/0	New Territories
17458049/location/1	North District
17527823/name/0	Budget Hostel - Yee Wo Street, Causeway Bay
17527823/location/0	Wan Chai / Causeway Bay
17527823/location/1	Hong Kong Island
17531932/name/0	Champion Hotel
17531932/location/0	Tsim Sha Tsui
17531932/location/1	Kowloon
17531932/location/2	Yau Tsim Mong District
17558299/name/0	Big Wave Travel Hotel
17558299/location/0	Tsim Sha Tsui
17558299/location/1	Kowloon
17558299/location/2	Yau Tsim Mong District
17569237/name/0	Hi-Inn
17569237/location/0	Tsim Sha Tsui
17569237/location/1	Kowloon
17569237/location/2	Yau Tsim Mong District
17580156/name/0	L'etoile de Mer Tsim Sha Tsui - Capsule Hotel
17580156/location/0	Tsim Sha Tsui
17580156/location/1	Kowloon
17580156/location/2	Yau Tsim Mong District
17580171/name/0	L'etoile de Mer Mong Kok - Capsule Hotel
17580171/location/0	Mong Kok
17580171/location/1	Kowloon
17580171/location/2	Yau Tsim Mong District
17580247/name/0	Waterfront Suites
17580247/location/0	Eastern District
17580247/location/1	Hong Kong Island
17607843/name/0	Sea View Holiday House
17607843/location/0	New Territories
17607843/location/1	Islands District
17607843/location/2	Cheung Chau
17613159/name/0	Alva Hotel by Royal
17613159/location/0	New Territories
17613159/location/1	Sha Tin
17623341/name/0	HK Peaceful Guesthouse
17623341/location/0	Tsim Sha Tsui
17623341/location/1	Kowloon
17623341/location/2	Yau Tsim Mong District
17629100/name/0	AMU Dreamhouse
17629100/location/0	Tsim Sha Tsui
17629100/location/1	Kowloon
17629100/location/2	Yau Tsim Mong District
17664471/name/0	Owl Hostel
17664471/location/0	Tsim Sha Tsui
17664471/location/1	Kowloon
17664471/location/2	Yau Tsim Mong District
17664809/name/0	Hong Kong Hostel
17664809/location/0	Tsim Sha Tsui
17664809/location/1	Kowloon
17664809/location/2	Yau Tsim Mong District
17674196/name/0	Hotel Ease • Mong Kok
17674196/location/0	Kowloon
17674196/location/1	Yau Tsim Mong District
17674196/location/2	Jordan / Yau Ma Tei
17740147/name/0	SNOOZE Capsule Hotel
17740147/location/0	Wan Chai / Causeway Bay
17740147/location/1	Hong Kong Island
17817576/name/0	Sleeep
17817576/location/0	Wan Chai / Causeway Bay
17817576/location/1	Hong Kong Island
18379781/name/0	Good Fortune Inn
18379781/location/0	Kowloon
18379781/location/1	Yau Tsim Mong District
18379781/location/2	Jordan / Yau Ma Tei
19139333/name/0	Manhattan Guesthouse
19139333/location/0	Tsim Sha Tsui
19139333/location/1	Kowloon
19139333/location/2	Yau Tsim Mong District
19175751/name/0	Homy Residence
19175751/location/0	Kowloon
19175751/location/1	Yau Tsim Mong District
19175751/location/2	Jordan / Yau Ma Tei
19743943/name/0	I Top Guesthouse
19743943/location/0	Tsim Sha Tsui
19743943/location/1	Kowloon
19743943/location/2	Yau Tsim Mong District
19870432/name/0	The Nap Mong Kok
19870432/location/0	Mong Kok
19870432/location/1	Kowloon
19870432/location/2	Yau Tsim Mong District
